SampleName,FullSampleID,Fraction,Date_206Pb238U_Th,Date_206Pb238U_Th_2sigma,Date_207Pb235U,Date_207Pb235U_2sigma,Date_207Pb206Pb_Th,Date_207Pb206Pb_Th_2sigma,Pbrad,Pbc,Pbrad_Pbc,Th_U,Th_U_magma,Ratio_206Pb204Pb,Ratio_208Pb206Pb,Ratio_206Pb238U,Ratio_206Pb238U_2sigma,Ratio_207Pb235U,Ratio_207Pb235U_2sigma,Ratio_207Pb206Pb,Ratio_207Pb206Pb_2sigma,Corr_coef
RBCT,RBCT2,z1,267.0541459,0.22966049,266.9588294,3.052422631,266.1226966,  29.12798977130221,7.90014331724972766432301555011896250157034934010410489389597584409312856,0.44755484816680310617792834163224947083704456932766806149193545190687144,17.65178804,0.53248196,1.613468504,1088.782599,0.168215326,0.042285503,0.087469886,0.300715377,1.300293502,0.051600821,1.268912985,0.383451451
RBCT,RBCT2,z2,65.76468892,0.082835184,65.74151288, 1.516837528551280,64.89803127,  55.440945237014240,2.03691988447377954937044441982253013995694625630132436065093534624765512,0.17571626387543635780902348527562130525985479808371118734745924575234488,11.59209648,0.860353972,2.606772136,666.4852169,0.274948891,0.01024263,0.125160734,0.066887498, 2.382773877285160,0.047383371, 2.327689752556920,0.4595246741171579
RBCT,RBCT2,z3,66.92869386,0.313231639,63.51280085,7.276877679,-63.39944862, 282.293959774677460,0.35960427142736406128005278806365476496363192633608298805793060764606208,0.15453019660749484353397349747522627536815458808092447126312872035393792,2.327080916,0.815905095,2.472052502,150.3180493,0.26072294,0.010425064,0.471606441,0.064548304,11.819407270913000,0.044926086,11.568252180207520,0.5467504909996653
RBCT,RBCT2,z4,66.09166439,1.300603291,71.18730492,30.40856675128863,245.9089757, 993.85106023339300 ,1.0225176271252792686279343580192421728555412693320035103848378960983744,1.8398845069156419485149932561099651922980448043096852034282411439016256,0.555750985,0.903449932,2.737404933,49.23143864,0.288714756,0.010293873,1.984462054,0.072624895,44.23116671934540 ,0.051191656,43.14810954253040 ,0.5615135969365863
RBCT,RBCT2,z5,66.32432213,0.450339034,67.25008278,10.47522900780462,100.3097305, 372.283226177030560,0.16468045732068612875445443368554936680449711034507410090731218670816000,0.10560598125595123567023010568908042304819531951727964816854381329184000,1.559385703,0.76876802,2.329180732,107.6760737,0.245670575,0.010330337,0.684605411,0.068473767,16.098049555769660,0.048095252,15.735927752911680,0.5442163820549528
RBCT,RBCT2,z7,66.06584578,0.310091027,64.67430422,7.423451873,13.48054176, 279.01874377514280 ,0.78909782633203188943283542957397188173762153314361202213384972613694468,0.34370097686447291457089817044247200605201103910062064387750216186305532,2.295884735,1.01740402,3.082843952,142.2663748,0.325131566,0.010289827,0.472850811,0.065766745,11.847638747235340,0.046375732,11.603417294672380,0.5310258710793665
RBCT,RBCT2,z8,66.19285694,0.93373516,61.41473817,22.75841698888266,-121.1115082, 923.64545579541740 ,0.31116480624056638673945342549544017956353041276350271049364877901398016,0.43722265188910046708414917844270839813887460957842708483122187698601984,0.711685007,0.764933701,2.31755869,59.41430663,0.244447504,0.010309733,1.423161546,0.062350924,38.18890867451720 ,0.043882156,37.43063032575540 ,0.5461463300296925
RBCT,RBCT2,z11,66.27047327,1.771193348,57.95882315,42.30181739140863,-273.401692,1872.99027516826700 ,0.10370309567539233727269315006022365329049395672098422902315618208645120,0.27082679284742714922599208138330857694868426527423340007561373791354880,0.382912985,0.739219544,2.239624829,40.73719037,0.236228831,0.010321898,2.696787315044880,0.058741297,75.08884715165720 ,0.041293003,73.65981345047740 ,0.5428146385796211
RBCT,RBCT2,z12,65.63677754,0.191079835,63.11264792,4.601511239,-31.6017814, 178.686777051096260,1.55904213964259136680083779882337637094490680620882122167739103979418512,0.43220162087314786491860429548693228833855539332608543043601395220581488,3.607210303,0.935290176,2.833919338,216.8559009,0.298899419,0.010222584,0.292899099,0.064128859, 7.519886526895280,0.045518223, 7.367350673673120,0.5347349244028141
RBCT,RBCT2,z13,66.05522484,0.277822249,67.57176809,6.523207778,121.5998434, 229.934119097258920,0.4518663865834401452856195708582874910230519449916773265718199799519440,0.1841761851575623570992336142460463711552343214434036544314664200480560,2.453446336,0.740426327,2.243280871,159.7062718,0.236618027,0.010288163,0.423691189,0.068812325, 9.978528907223240,0.048531184, 9.757428825060220,0.5371674353741879
RBCT,RBCT2,z15,829.8292234,0.284403668,834.2122621,1.231837456,845.9029571,4.340038931,35.6178192866521084450448871457680359568897300969591561697365804058425264,0.4116065258248617991991862121278666804408096914144749002396698341574736,86.53366031,0.434742035,1.317368136,5350.405888,0.13321159,0.137368538,0.036400386,1.274076296,0.216537486,0.067297765,0.206097679,0.2975087897143294
RBCU,RBCU,z1,66.33013991,0.107063442,65.79895362,2.295201159,46.52411718,  84.242830885092020,1.87696598568038112516495253394998985953696464324100567677745942932169200,0.27798936367373841558344249928266185903034623973657093979838777067830800,6.751934538,0.585582952,1.774023022,423.1394356,0.187131145,0.01033125,0.160026832,0.066947854, 3.602445158068400,0.047019485, 3.524689106269040,0.5019361939244271
RBCU,RBCU,z2,66.00781794,0.094401953,65.36293344,1.049737279,41.81656508,  38.44224992342307,2.91584446595339373822636446348829755198592448859987486422026670386040896,0.18170121617892721961368075623200644996858525837720607267229803213959104,16.04746808,0.579005136,1.754087839,981.828747,0.18503327,0.010280733,0.140692735,0.066489789,1.658259347,0.046927229,1.606467781,0.4025065957194956
RBCU,RBCU,z3,66.28845259,0.111843614,65.08585442,2.307506014,21.08936238,  85.89349300256665,1.16322690998429564475320241076812877785227813195075117216304705242050320,0.16634258293195878178812461362211396317235320589161704843851006757949680,6.992959286,0.634679754,1.922805416,432.4442131,0.202821299,0.010324716,0.167877958,0.066198804, 3.660167650526620,0.046522827, 3.576632494583180,0.5139818616010116
RBCU,RBCU,z4,66.02663469,1.282603928,57.23482503,31.543221411125320,-296.909844,1421.55351022037880 ,0.37384030331312106558701963461956332833171929916394480715997849090086120,0.73272803984086164500467953669306174133617807387880674413085142909913880,0.510203354,0.790720955,2.395715463,47.73310597,0.252691195,0.010283682,1.959695668,0.057986652,56.67979688283740 ,0.040914143,55.64432097332780 ,0.5408421975495802
RBCU,RBCU,z6,2159.446089,1.015296073,2346.316375,0.95944899,2513.017861,1.434687322,43.64373313895419233415368937045918125298468084889749371922626537047614488,0.46021745719092687574508517965169177479236534690630204999983283752385512,94.83285012,0.609668911,1.847470588,5254.321218,0.173493403,0.397906789,0.055326949,9.082181745,0.104895368,0.165616231,0.078842853,0.5842792577002595
RBCU,RBCU,z11,64.34169853,0.399934311,57.51364523,9.019844037,-218.3966086, 397.85281539227540 ,3.1672678588602529850681610291446034059802335609194296528227465829616896,1.8088623835833443206010831082186580043503271413617665141324847770383104,1.750972262,0.676660352,2.05001464,121.4482831,0.216266358,0.01001965,0.626550125,0.058277211,16.131316067002560,0.042202702,15.817997349219380,0.5145808086096084
RBCU,RBCU,z12,65.58443477,0.918599461,58.26705726,22.82902193060580,-233.098423, 998.11822337890740 ,3.0319974385324480411149699579356435143533453466123068745541914280488320,4.2897197716544755943963188685363552247320254197429189906332197719511680,0.706805479,0.84304765,2.554314189,58.41588637,0.269421601,0.010214382,1.412667343,0.059062742,40.31488997255460 ,0.041956145,39.57001099514000 ,0.5399253351460971
RBCU,RBCU,z13,65.75693731,0.126668402,64.60547488,2.74724087,22.15686576, 102.86461733917071,1.38850509227464416880807288309125516500994216736379995768245983049348000,0.21663288517966957762683270029717885015553124352797403750550816950652000,6.409484373,1.052406174,3.188955772,361.0227315,0.336324465,0.010241415,0.193398837,0.065694503, 4.389049950433300,0.04654394, 4.284676497344760,0.5546669031353464
RBCU,RBCU,z14,66.05450935,0.836630079,63.8148018,6.051071258,-19.40190026, 230.601731482628020,1.1862959212514949738724822649937094122313310740324410189546889722412500,0.4465184186932403250524770505717053107907245149334140598692710277587500,2.656768168,0.709774528,2.15038381,172.9224522,0.226822648,0.010288051,1.274523131,0.064864975, 9.783328605902340,0.045747906, 9.529638441558080,0.261561141
RBCU,RBCU,z16,65.56859856,0.530799738,59.93646404,12.92502987117410,-159.6846052, 541.4203734090940  ,0.56181232161445230264567387385905348342443845489985174246873926983858240,0.46534071714958269508708422951585428441456784279233165691985657016141760,1.207313912,0.68247887,2.067657103,89.3477417,0.218107181,0.0102119,0.81668578,0.060805395,22.20727382740260 ,0.043204562,21.77616604137160 ,0.5411093453652108
RBCU,RBCU,z17,66.07629046,0.594053744,63.44527864,13.932447694280020,-34.72096826, 537.594230350805520,0.36771091281930580809170238322898791611771041113919673297477029076404616,0.31300222192426962611900285110756586070304295175344160608079796523595384,1.174786909,0.735095024,2.227123127,86.4085891,0.234913957,0.010291464,0.90694373,0.064477515,22.65299925637200 ,0.04545939,22.15142943370820 ,0.5669032362012336
RBCU,RBCU,z18,81.69497896,1.478769183,87.04975065,34.50557031517453,236.4941993, 931.65257968351980 ,0.13500502326544837423264282441884320984991560407359809863427312301544140,0.23786014966762862575348816508786709969170031536659303932843111698455860,0.567581511,0.723249511,2.191307946,51.31246879,0.23088829,0.012742243,1.827458733,0.089513152,41.36232343033560 ,0.050972208,40.37886776355220 ,0.5538409748759138
RBCU,RBCU,z19,65.84297502,0.113136115,65.64278568,1.698374515,58.35130692,  62.21311991530060 ,1.82125089829696624477631017127613618445945103388666286629539936140053096,0.16505405719770155713666722632914003134855340616276524166705977459946904,11.03426919,1.177712567,3.568864029,591.1218398,0.376367203,0.010254898,0.172339811,0.066783768, 2.671831309082320,0.047253291, 2.609014162210460,0.39132511347536436
RBCU,RBCU,z20,66.62109944,0.873047185,59.94107601,20.54612406443946,-199.4307851, 867.210080821555140,0.26907086179567835276537105104020863003894500140631874058573339255470976,0.34465410824069507017220348566571790597794207375612444545140462344529024,0.780698258,0.661928679,2.005385678,64.60822392,0.211524197,0.010376852,1.322417244,0.060810214,35.29889889630040 ,0.042520991,34.60840649779460 ,0.5357577078229864
RBCU,RBCU,z21,65.90362764,0.096667605,65.06656318,1.963018875,34.38776181,  72.92090711814521,2.12064044243878390787485003502085204704607723360988881355200261538517472,0.26047356682433088655909265306491208132266892991310755173690733661482528,8.141480413,0.666024088,2.017791972,496.4539169,0.212843554,0.010264405,0.145467069,0.066178548, 3.114635815219860,0.046781695, 3.044047300180140,0.5019519428261201
RBCU,RBCU,z22,65.96404956,0.416130614,64.48996323, 9.712159877438620,10.12267575, 365.897205296789460,0.42644209634872584975543281359973421388310574297400979038173042078318948,0.25256304305310167170789149100233914868327028845799256753870554721681052,1.688458023,0.819534114,2.483046293,113.9767493,0.261900174,0.010273873,0.635948674,0.065573275,15.543268888620620,0.046311105,15.206234482960940,0.5446296251274286
RBCU,RBCU,z23,66.17356485,0.535647328,63.61427735,6.840543116,-31.6509375, 262.545059261282360,0.48556915006424328902015007825202462425631892862554732009306566334774232,0.19122769850903244301936800885498040277852572790121008133988364865225768,2.539219757,0.728714815,2.207787026,165.4166704,0.232873457,0.01030671,0.814883364,0.0646547,11.093519468374600,0.045516886,10.824275416034820,0.3630684957029479
RBCU,RBCU,z24,106.4881512,0.382844537,140.5594552,6.968662915,762.9261647, 108.557209467559160,1.40317327617846122972779756064231410802885979189697384288373943931649700,0.37275675831902280076004477827851603733022571736567781080622576068350300,3.764313443,1.041316408,3.155400698,217.7125829,0.331920917,0.016644834,0.362863356,0.148469262, 5.308873440995020,0.064721648, 5.149511944377500,0.46648945586744994
RBCU,RBCU2,z1,65.73298494,0.252683316,62.94036772,4.762338707,-42.01860616, 185.14250442205040 ,1.89057795690856514380581583533733824510483573777570019352475033261888,0.55865403590002458918118361527388240631640761380598910024645766738112,3.384165934,0.688293288,2.0852795,216.3205341,0.219962822,0.010237662,0.386728095,0.063948323, 7.803361807247360,0.045323231, 7.617894091671380,0.498488493
RBCU,RBCU2,z2,66.12605216,0.069367506,65.85092058,1.15460674,55.86479257,  42.23004281411991,1.72041979922686142771007726912544069286649161168099660213263805309981760,0.12780535740195794509790115912226031361347820171265461958299330690018240,13.46124947,0.49294767,1.493318653,845.0029827,0.15753049,0.010299264,0.099357606,0.067002461,1.81083484,0.047203811,1.769391803,0.43686069134451305
RBCU,RBCU2,z3,65.94381285,0.159918479,65.5859399,3.749344821,52.54830798, 137.93791813262760 ,3.90288137052867518469245927060421366370237996423978656925489834820932608,0.84899622046362996769644808822508885497697071618947735777196577979067392,4.597053881,1.09603308,3.321220531,261.6171234,0.350262026,0.010270701,0.243865027,0.066724046, 5.903304485905960,0.047138392, 5.778782381938140,0.5255247755077017
RBCU,RBCU2,z4,66.05056309,0.089449903,66.39456449,1.250476995,78.80910326,  45.05897673802822,2.08967534809602776513246620048416615661398342535009373994622338442329216,0.14002119195064070849976672071658724767049675107345793924911447157670784,14.92399343,1.138217806,3.449117768,799.7027476,0.363740398,0.010287431,0.135429484,0.067573896,1.945650297,0.047661148,1.896717619,0.38958723130802475
RBCU,RBCU2,z5,65.85466351,0.043133827,65.70638552,0.739344607,60.30977041,  27.14579314347619,4.24128724545764057274375474927940019100292857801184090694471299946800128,0.17286858938685094155780373053364850529340248594283986398300744853199872,24.53474781,1.130698608,3.426320321,1305.269235,0.361342429,0.01025673,0.064008255,0.066850589,1.1620247,0.047292123,1.138366213,0.3863552255078155
RBCU,RBCU2,z6,65.78134857,1.059158567,57.09527274,26.37605738372910,-293.7681244,1191.06489021124880 ,1.8668744457203306144269847928546637000587742436144285528322931669462980,3.1978913552264048855033619248102977118753339853105789765176836330537020,0.583782949,0.643267152,1.948825704,53.20712701,0.205572799,0.010245241,1.625419968,0.057841255,47.50756411361840 ,0.040964532,46.65000392868600 ,0.5399313742116243
RBCU,RBCU2,z7,66.0296357,0.091527784,66.39465196,1.881316091,79.56871695,  68.109178814091560,1.70716725987802227319421593629920355912268921071071605182276008574960336,0.17509193721823125581321142182851071537721469391731342417868049025039664,9.750119206,1.149442901,3.483151242,527.5931221,0.367328141,0.010284151,0.138755579,0.067573988, 2.927185832455680,0.047676413, 2.867712734883700,0.44667546235200506
RBCU,RBCU2,z8,65.84352141,0.039769337,65.8572394,0.497359911,66.35569214,  18.03346119579937,5.3146601199389875862744775574080753427918205046857368990582510175342880,0.1420064997021673484589973268605584682692795340916000229981697824657120,37.42547088,1.207556918,3.659353713,1947.272445,0.385904693,0.010254983,0.058950789,0.067009101,0.779965144,0.047412332,0.756638477,0.4161825006181094
RBCU,RBCU2,z9,72.52070303,0.060768728,78.0939705,0.606370045,252.1511276,  18.08539192431499,4.18895959415672682211511767288846402950416677758407282070091146381542400,0.14325114147383612064112240427401235559162665753793306121888373618457600,29.24206782,0.575113891,1.742339075,1769.462169,0.183708005,0.011301959,0.079485524,0.079945792,0.806703939,0.05132564,0.78483344,0.31252028708963936
RBCU,RBCU2,z10,65.92955565,0.054398866,65.81904491,0.722161106,61.80328111,  26.32613137787611,4.73894311459789022841899619543089281761424722682816922897562645949551240,0.19086041468101554822264799128490141696253442063292891957149338050448760,24.82936612,1.03056811,3.122751429,1351.178841,0.329341545,0.010268467,0.081231268,0.066968966,1.133136892,0.047321714,1.104224355,0.3815425755504304
RBCU,RBCU2,z11,66.22460153,0.078005075,66.39438623,0.688631311,72.51729018,  24.70678397331525,3.25530899814889309678647430960013541454513240161467393270919110793687000,0.11649339651114717695226783417848072494596682373379425076400089206313000,27.94415045,0.576411604,1.746230213,1696.238492,0.184201662,0.010314709,0.114484774,0.067573708,1.071462491,0.047534975,1.037886433,0.33784026588020055
RBCU,RBCU2,z12,65.76106491,0.098242267,64.50841112,2.0107698,18.27907509,  75.512321474680880,1.96773740863800957442421981482354210177542996800331976686563300352000,0.22310059521668697763703867157339617590491992599661452480745499648000,8.819955889,1.108109858,3.357834623,483.8020915,0.354125956,0.010242061,0.149646399,0.065592634, 3.217129764313140,0.046468664, 3.142979681318360,0.5119617593609638
RBCU,RBCU2,z13,66.12868092,0.365564465,64.60794623,3.935370276,8.633424136, 143.328737069999340,4.5652642001718909181674645258556612166867366175649240421246528083454784,0.7955479586857793930617749396362778023834559674580163585708086316545216,5.738515385,0.729505945,2.210184427,350.1592434,0.233127006,0.010299675,0.556283627,0.065697097, 6.286997620196560,0.046282321, 5.954288192910700,0.6263586137788769
RBCU,RBCU2,z14,65.77707868,0.081673007,65.13862966,0.877365047,41.74597578,  32.10039692003445,2.76100331542602194374694154491339983819320971979377219589493155244633920,0.11812104284159030098820513893802503269673203040305679328253116755366080,23.37435608,1.057701701,3.205010075,1265.533345,0.338016307,0.010244571,0.12384296,0.066254222,1.390585266,0.046925862,1.341599044,0.430072577
RBCV,RBCV-A,z1,65.51719855,0.20199134,64.33191442,4.607113248,20.45637419,173.535818666748520,0.84640100987931844287851336229918261524168496851306666754518428533614400,0.23519369602608457995590384138556106139049621871480331213564611466385600,3.598740205,0.786290974,2.3822854,223.5515739,0.251284453,0.010203845,0.310137758,0.065407426,7.390735095118260,0.046511169,7.225899751584060,0.5463127796501721
RBCV,RBCV-A,z2,64.93787672,0.363102012,60.29883989,5.345467242,-120.2553928,217.159823493026440,0.673668168643229909635027841086522583826476351577363260741560853841000,0.171816744486467704731661767549817813025224575889494896636923146159000,3.920852829,0.629098244,1.905881082,251.4497231,0.201056652,0.010113064,0.563238419,0.061184049,9.130787973824820,0.043898482,8.801066459033780,0.6055725255410591
RBCV,RBCV-A,z3,65.66927222,0.152430923,65.90668477,3.098500246,74.53472534,112.931320189243040,1.39692179114202946593126498394359321196927704598737391465557203868696480,0.28203776161059149946990939639725842745874219729729668939465964131303520,4.95296014,0.561959922,1.702433563,317.0524883,0.179590361,0.010227677,0.232007729,0.067061062,4.855572793914420,0.047575949,4.750018712436600,0.4734318846431437
RBCV,RBCV-A,z8,65.37366631,0.152114561,63.30528541,3.306931923,-14.21780619,127.472871011204160,1.0586839521832158114648062771988964098161817846796682701295100643837296,0.2193017186057522497278551926210186042366566818777624197561148956162704,4.827522369,0.712021467,2.157188864,298.8472917,0.227551539,0.010181353,0.233330574,0.064330763,5.388318451273420,0.045846615,5.272888376928800,0.5106348299000905
RBCV,RBCV-A,z9,65.41392405,0.075328309,64.40525812,1.559827298,27.08285811, 58.67064491515531,2.9825296876774408371045155585072994198074015581770575302768860680693880,0.2650148284372217541433232755509914695109235826397307231760115319306120,11.25419927,1.014034072,3.072625767,625.2368183,0.324069415,0.010187661,0.114653421,0.065484386,2.499516078244620,0.046639872,2.445919210646760,0.48353160908819154
RBCV,RBCV-A,z11,65.53951391,0.1299492,65.18018394,2.930309605,52.00759132,108.272394474914740,1.18960815328081849409011220465233015566343769340816369774499757922354720,0.20073264552478755774366394126095431624252892678203503705339794077645280,5.926331266,1.032500729,3.128609264,336.5464172,0.329968159,0.010207342,0.199090611,0.066297859,4.641545706194700,0.047128035,4.535412868342000,0.5478722819125834
RBCV,RBCV-B,z1,65.34207883,0.121514056,64.02015951,2.41123729,14.87593638,  91.372926994343480,2.28581490494945566110922909555479393756523769835514765136779328054634468,0.32549605526956795402213046003251647510824191304595702504912020745365532,7.022557933,0.92638,2.806908443,405.1542241,0.296058031,0.010176402,0.186354716,0.065080363, 3.886354872779000,0.046403395, 3.800661093961060,0.4780120228178523
RBCV,RBCV-B,z2,65.48806316,0.055663664,65.63306925,0.990433886,70.92298597,  36.27283710785595,3.31428495606561275643813550853979921336144630393439549481244599249565120,0.21378044320652012522346498786561123907808888614905067779918792750434880,15.50321866,0.532863895,1.614264972,960.0729418,0.170294053,0.01019928,0.078715183,0.06677356,1.55834386,0.047503878,1.523971789,0.45275842523206783
RBCV,RBCV-B,z3,65.58076225,0.128361429,65.76456029,1.95771463,72.45720257,  70.977426404865160,1.32589229627988767767066478526784307747864437194355586850810309805278720,0.13926278148369775306707881878883820736010541771313566690717242194721280,9.520794301,1.035998224,3.139212412,528.8333627,0.331084946,0.010213806,0.196360344,0.066911715, 3.074296853147260,0.047534467, 2.984436647672480,0.48199371805899904
RBCV,RBCV-B,z4,64.61591326,0.974801949,47.23956654,21.876447090833320,-766.3417871,1311.75977751909660 ,0.71284554556240155353490981356001396812857618120851088745945328766512000,0.98049606099980434053980624902133575637156346624493665729613871233488000,0.727025405,0.589045532,1.784503181,62.5537175,0.188260273,0.010062616,1.52308547,0.047623103,47.39518835465160 ,0.034340046,46.56398994246420 ,0.5570083886705715
RBCV,RBCV-B,z5,65.53241602,0.097565707,65.31418237,1.176027481,57.32583019,  43.31776833018028,4.086840440784833535578512757905417019244610031405391115917854771064,0.261016730621126895487626421702039223016711112324523986814265228936,15.65738882,0.676525088,2.04961335,934.8157879,0.216205014,0.01020623,0.147527847,0.066438586,1.859101195,0.047233386,1.815788064,0.32790646696885845
RBCV,RBCV-B,z7,65.42724153,0.161317854,63.1337499,3.462546286,-22.97943706, 133.924611052954900,1.04701277695444197186191699760774074783681128148241440536627446193411920,0.21289346346628323323325738015978389731651465711471650043429865806588080,4.918012793,0.897235225,2.718563447,291.358233,0.286742056,0.010189748,0.247737656,0.064150974, 5.656732863334200,0.045680818, 5.530761659212800,0.524341701
RBCV,RBCV-B,z8,65.44361805,0.086097742,63.72096614,1.43363266,-0.515161763,  54.58842521215710,1.443444690740866517574685427892685588022880609416436507635792450064,0.126138611636258893064927236096799430718566026226217368161405949936,11.44332153,0.713142149,2.160585792,682.6117494,0.227908575,0.010192315,0.130131938,0.064766572, 2.321194193154740,0.04610756, 2.263621758204880,0.4631957465126162
RBCV,RBCV-B,z9,67.6869067,0.415368191,62.05255368,9.918044326,-150.2754717, 400.781595615762480,1.16427709594790305056420115481806553626615738785705499457601426361345248,0.70754677503931345852274628565367639636375807871374334080636410438654752,1.645512547,0.722685627,2.189524209,114.0434504,0.230922497,0.010543917,0.618836922,0.063018452,16.476661039409340,0.043367044,16.149485979838240,0.5421713173736208
RBCV,RBCV-B,z11,65.78269782,0.127657054,65.56765784,2.79009199,57.72672641, 102.452532534372760,0.68941749244292813922310951788529364676488788850223005297276621811047988,0.11236182579942548758558496208131096580617447058525879771249598988952012,6.135691437,0.971213964,2.9428184,352.5371509,0.310376755,0.010245452,0.194730549,0.06670484, 4.394156611956080,0.047240959, 4.296171482408500,0.5191177617060065
RBCV,RBCV-B,z13,65.50057052,0.088932965,64.67096129,2.025480499,34.07776293,  75.83785417442219,4.55259884917616903845312390165064358639201751577216758266788559850505856,0.55204467779296589458198336675350334602548633955315626217567689749494144,8.246794204,0.958166812,2.903266021,468.987799,0.306213242,0.010201239,0.135559276,0.065763236, 3.232776747449760,0.046775963, 3.165906647565480,0.5079579832747425
RBCV,RBCV2,z1,65.80187639,0.755988148,60.44102507,18.461849119486920,-147.1109589,765.03911963439680 ,0.38049648977806832955888961454097859906084818115711594005740556875541120,0.42493770231761663597844401861460429336792734897944558406082035124458880,0.895417111,0.895628253,2.713694278,68.34807055,0.28622098,0.010248458,1.158507179,0.061332659,31.46335457082160 ,0.043423593,30.84725393052800 ,0.544994901
RBCV,RBCV2,z4,65.51013396,0.070415604,65.83033161,1.318296933,77.48457606, 48.08057153961221,4.30681503888288799825812346266997162353615240574561685651371176275380272,0.33601807017763951654574248995221576651462312667096391303197738924619728,12.81721259,0.961485727,2.913327006,717.609749,0.307273703,0.010202738,0.106643896,0.066980826, 2.068185303032040,0.04763501, 2.023393719323720,0.4388704763982762
RBCV,RBCV2,z5,65.64811504,0.119060769,65.4251563,2.681462855,57.27793425, 98.77335269902259,2.77923480660524067664440357602905284894091622048678231283893217490871028,0.44875262482603976665672391001006926357815509903284554090380067309128972,6.193244681,0.916847547,2.778014292,360.0734645,0.293005302,0.010224361,0.181772964,0.066555146, 4.231979435483340,0.047232175, 4.141503362942080,0.513216958
RBCV,RBCV2,z6,65.55071932,0.148040088,64.93511709,3.251629094,42.30640591,120.96810242951780 ,1.52813383232490660074930586071570180851073494883946782540764452276572160,0.30273389351909420621538226498808616921351816205706849371810523723427840,5.047779139,0.873532349,2.646716327,299.9016245,0.279164571,0.010209098,0.226742203,0.066040535, 5.169329642388920,0.046937039, 5.057876119872480,0.5077286923129253
RBCV,RBCV2,z7,65.5984749,0.572037247,65.95535582,13.34919946324791,78.92190991,484.660031459946340,0.50166358446227384131508811297037506596344723909388893787673489740275800,0.35121028827452029526089353330783419299028035685954056191307790259724200,1.428385219,1.287883511,3.902921813,90.87333472,0.411582106,0.010216581,0.878616159,0.067112211,20.90421442302820 ,0.047663777,20.40570586044560 ,0.581600787
RBCV,RBCV2,z8,65.49985109,0.033466703,65.56426919,0.183996908,67.91597801,6.72445318,13.6193391048734144038546498496644866229761508419168391889896452735773160,0.1605173958458476599815968364203090169754521673698550653721803264226840,84.84649924,0.4558672,1.38096008,5278.627706,0.145687119,0.010201128,0.032742374,0.06670128,0.289793915,0.047443691,0.277820948,0.3594249594024659
RBCV,RBCV2,z9,65.78461314,0.124870835,63.65417526,1.924482228,-15.73753894, 73.469996523561740,4.6027756031708506039998448231507682340619798953909161490687413847015936,0.4235480009364062235701724087125294033327969092933755180965859752984064,10.86718765,1.169742582,3.544699055,584.0420631,0.373821721,0.010245752,0.190457132,0.064696535, 3.119096533251100,0.04581732, 3.038298313495660,0.44838772073598904
RBCV,RBCV2,z11,66.09464995,0.261254783,65.33224626,6.088843732,37.49530582,225.410283596496700,0.49744206553177064086125101626069089031228438964399334703418779299115620,0.18387276471782207591000869869851458069081619410734765701731612700884380,2.705360233,0.807051367,2.445212225,171.84017,0.257908685,0.010294341,0.39808859,0.066457558, 9.622858810013580,0.046842309, 9.416304392131740,0.5338445764305014
RBCW,RBCW-Greenbole,z1,65.80389273,0.193432915,64.53061809,3.85919356,17.56046719, 144.69519355636560 ,0.80710268081696014726730978079546395941953678225521650797882105833192040,0.18420940718177794466053503398148989408396637138482518049025758166807960,4.381441172,0.793972348,2.405568762,267.6686478,0.253734192,0.010248774,0.295530505,0.06561594, 6.172456035180180,0.046454897, 6.021644154953520,0.5277220413105393
RBCW,RBCW-Greenbole,z3,65.64029769,0.435326536,62.31535599,8.147418628,-63.62209089, 320.374110921248920,0.318095627831399095574748247516447924423111923902359413862107689268,0.150068665104096498535416573183729461969160233300564663454692310732,2.119667204,0.750710217,2.274446328,140.5350972,0.239911413,0.010223136,0.668379731,0.063293619,13.479798530658100,0.044923112,13.127862849828580,0.5444095459427936
RBCW,RBCW-Greenbole,z5,66.72213366,1.742584117,50.73584843, 42.12554312699339,-652.5519989,2302.72608157745840 ,0.18692636247505460559773546152759859595085273541128804060402276297961472,0.48331678407346267166224612735293143444947711488859759502339918902038528,0.386757441,0.786883932,2.384090145,40.78919041,0.25145282,0.010392688, 2.634578278740220,0.051236616,85.12079026119700 ,0.035772279,83.75876349318100 ,0.5283179620974486
RBCW,RBCW-Greenbole,z7,65.28037561,0.672016456,49.7369527, 15.62095177232390,-648.2195933, 868.67926708729860 ,0.35785108863311511086315507997786422844010907373346064433874848678955092,0.34545667768730487964512493484811037642150819653406329511169898521044908,1.035878337,0.740494414,2.243482014,78.75994366,0.236652623,0.010166734,1.03834717,0.050202957,32.18262904686040 ,0.035829596,31.62572087466720 ,0.5478165776058108
RBCW,RBCW-Greenbole,z8,1666.115057,311.83719293594240 ,2201.528819,467.203428354991320,2745.5631, 727.71064454283100 ,0.04893221129648371850570398096722941482351493635801599238572348849902712,0.41132752836025077353767214069139076467774477777603682411419030350097288,0.118961674,-0.021114611,-0.063982539,26.01416384,-0.006177983,0.294917966,21.22705495202260 ,7.742320497,51.95551917025780 ,0.190486399,44.30474730993240 ,0.5381686117325676
RBCW,RBCW-Greenbole,z10,528.1479164,0.543083015,526.5210554,6.286003525,519.4735312,  32.67850906919173,5.73450718086351546719179936429993995707371172665368722775438196379528112,0.36263934588086138012007511447359463940433484421839010320037342820471888,15.8132515,1.450345658,4.395058326,792.1260273,0.451746004,0.085367353,0.107108974,0.679580839,1.530046028,0.057762153,1.488537911,0.4140241500416722
RBCW,RBCW-Greenbole,z11,65.76358279,0.455435907,60.87316927, 11.16443825834493,-127.4981461, 457.779484328870480,1.583412780149519283214870967315055207193871058859310705048441965492224,1.086240766089095311419331276604401532634676483780536661143481234507776,1.457699646,0.865363855,2.621957671,100.1772584,0.276549961,0.010242457,0.698180528,0.061784455,18.895748882822880,0.043769254,18.528764008496660,0.5389602015374403
RBCW,RBCW2,z1,65.60696757,0.348102281,60.75557744,8.174097587,-126.4992838,335.333923235939320,0.70117632216242454971319557990436533135918525864323311924556326253413660,0.32611659786127469652615154315676182043048438870227722432307529746586340,2.150078612,1.103558033,3.34403417,132.3256738,0.352675101,0.010217912,0.534530951,0.061661496,13.860596285111560,0.043786918,13.575750286668220,0.5466256962992783
RBCW,RBCW2,z2,1498.89862,1.150093876,1501.968631,1.325656632,1506.302412,2.248574574,93.9825431659856173227517370993419567940296730149502513452298475408864,0.2346697896984699156591622780075073763951107890952345273075924591136,400.4884621,0.506394762,1.534512572,23837.18352,0.149555759,0.261760119,0.085988258,3.389493331,0.169075526,0.093955841,0.114534407,0.7502530597678582
RBCW,RBCW2,z3,65.8866797,0.09852187,66.24057875, 2.147951808143240,79.04278501, 77.785936721427540,1.28886976714395791459455357777829375297713700802602434676684921149221912,0.16060683701146037352037526011299012560785832696417686755471818050778088,8.024999378,0.977549071,2.962023246,454.5787098,0.312399033,0.010261748,0.149591061,0.067412007, 3.349572999170800,0.047665967, 3.274803471839040,0.5155324233596259
RBCW,RBCW2,z4,65.90668852,0.094411375,66.21824488,1.995755499,77.49056934, 72.352062255796160,1.46166631878285992621386161501641794818426177339578195825668504465882368,0.17665630001578183595515693750274068463892545191228037326158324334117632,8.274068452,0.840115918,2.545429807,483.2359719,0.268478619,0.010264884,0.142826628,0.067388529, 3.113249856003820,0.047634809, 3.045030084160760,0.49416812822837325
RBCW,RBCW2,z5,65.82343458,0.071751134,66.23297209,1.358621366,81.05302453, 49.079812292642940,2.44145510854782744283573883887491472406142510472663789225318884098380260,0.19120447004639896481729283609812765410576829968292642188675331901619740,12.76881816,0.967139113,2.930465982,714.0030509,0.309073649,0.010251836,0.108246557,0.067404011, 2.118905652859120,0.047706392, 2.066837049739620,0.49836851552041045
RBCW,RBCW2,z6,65.62927847,0.140913679,64.27838651,3.229717321,14.26514185,121.937653560878560,1.05939098954781535399488858518823436506678975868083504178618231845661824,0.20113550689922342924224682701544631501357735970344522373481646554338176,5.267051084,0.964863452,2.923566742,305.87034,0.308350591,0.010221409,0.215655665,0.065351263, 5.185294691154600,0.04639121, 5.071554581309440,0.541957561
RBCW,RBCW2,z7,65.86539227,0.079227494,65.97546606,1.665751667,69.96944793, 60.742276191824340,2.29786864823334069191382287138560475110317107622820447340511470284538880,0.24090233049821998859271599083335344940604953555986739122609937715461120,9.538590363,0.713940588,2.163008527,571.3763391,0.228157003,0.010258412,0.118654977,0.067133346, 2.607718696274400,0.047484365, 2.552635216309720,0.4803877348685752
RBCW,RBCW2,z8,66.13497908,0.040461407,66.16990314,0.645343411,67.43296349, 23.46803749154798,8.07789453798715371797459419020340127087042315484616887361102427828319840,0.32052862219473961396836134793658530202880353935888331388988516171680160,25.20178848,0.797082805,2.41499837,1449.150625,0.254722324,0.010300662,0.057391255,0.067337713,1.007405838,0.047433558,0.985114571,0.4035394133882766
RBCW,RBCW2,z9,65.88919611,0.112699977,65.62029472,2.303043579,55.82553203, 84.48492580108676,1.12782260650326325565341579629126126842996024140602935297370727399833900,0.14712989063139794969088398989171718268305275072441153598528512600166100,7.665489328,1.093052286,3.312183364,424.0987775,0.349310779,0.010262142,0.171550557,0.066760139, 3.624280434215480,0.047203229, 3.541470994856380,0.5000216028160416
RBCW,RBCW2,z10,64.91308198,0.784231229,60.2873146,19.179664290542220,-119.7942833,792.483613665150520,0.52453809738960715657056303464962457533939239341408480482950300162304800,0.60822068612502605958796179401890277321373348986742535912647779837695200,0.862414103,0.954510129,2.8921787,65.82225995,0.305057213,0.010109178,1.218025352,0.061172004,32.76756457337900 ,0.043906552,32.12446159743920 ,0.5413796862068427
RBCW,RBCW2,z12,65.66546538,0.40076873,62.27585102,9.737030815,-66.15805343,385.70430567805220 ,0.66414821045038761412496088729400809196880076371755890453729755916335904,0.40141276894435413372993092484623699672262885731634725596331690483664096,1.654526866,0.817197914,2.475963501,112.21608,0.261159039,0.01022708,0.615256522,0.063252251,16.119700237289800,0.044876275,15.797646973414720,0.5372477840810636
RBCX,RBCX2,z3,967.5379094,0.370926773,968.3543764,0.773907921,970.2079107,2.3603565,33.03426716391288089719054669729602023444323155868614691108292838353737872,0.16135257195082638039844814712919934767669978567821968787878316846262128,204.7334403,0.671107098,2.033629943,11885.30466,0.204096928,0.161926687,0.041254293,1.595252482,0.12399654,0.071483117,0.111065125,0.36110019378497654
RBCX,RBCX2,z6,940.4663434,0.573814838,942.2467291,1.487588961,946.4103303,4.846225504,16.49214439975004571973215554175983152128432802708085129734177271616531072,0.23675005518743293855910976604362408310017075481298561528433403583468928,69.66057257,0.18586978,0.563225763,4592.190404,0.056610431,0.157057387,0.065273892,1.52937362,0.242299449,0.070655782,0.234357171,0.2212707351140792
RBCY,RBCY,z2,65.70832122,0.456373244,66.20029556,5.916683276,84.01848924, 213.298736637624320,0.34624502635394452101277586646501782996386175241289073554894003965583368,0.11555101149610746153507730631564512725046005212880654327331832834416632,2.996469022,0.849517595,2.573925754,186.4521948,0.271486916,0.010233796,0.699080191,0.067369661, 9.232066080164860,0.047766305, 8.988541279390120,0.3815348203538514
RBCY,RBCY,z3,65.6242564,1.416140052,61.82363893,31.07767337959152,-82.98487047,1240.42692695587020 ,0.6485892062729359947624192534939440840245650513169806477133963072769856,1.2251302570561283475704527719493424801853539485942826387377166527230144,0.529404284,0.851795868,2.580830909,48.29415059,0.272216603,0.010220622,2.175454290362940,0.062778825,51.81414044632580 ,0.044568694,50.64135402112340 ,0.5539865614352448
RBCY,RBCY,z4,66.10519669,0.237312798,64.47523445,5.491966977,4.383660291, 207.32868491454920 ,0.93531463902232897412707555346200970092749075007100136304585798826355000,0.30080894701338511229046753173523087214538244601235203922932201173645000,3.109331183,1.017988637,3.084616375,186.0879852,0.325317507,0.010295994,0.361441242,0.065557818, 8.791248110898480,0.046200883, 8.607180315606280,0.5243183962907092
RBCY,RBCY,z7,869.6732856,1.441594869,876.6577347,2.940191662,894.3376664,9.619789853,18.6409499505114664180682571300064370853724790293213443770262438132794220,0.4645757982288067632498428782282353652142059217887267533259313867205780,40.12466862,0.511119721,1.548815745,2440.742014,0.156274989,0.144420237,0.177191362,1.371153084,0.50074818,0.068889328,0.464857826,0.3662113338937574
RBCY,RBCY2,z1,65.67624887,0.493748857,63.60314865,11.28150515371685,-13.73197712,433.03501188741220 ,0.54210938023510248358958561405175852709489480103118086932539019526529060,0.36831417782840867175581454695922164552885827853696520633054076473470940,1.471866718,0.894265515,2.709562897,100.2650496,0.285787993,0.01022877,0.757744743,0.064643031,18.298666351808840,0.045855431,17.915278002485020,0.5213265532863153
RBCY,RBCY2,z2,1628.805903,0.439137394,1629.457576,0.46909247,1630.298991,0.850740482,90.00166126908036035812012126506815482021266380895459802583858708224168800,0.14594643404598216620295401567358374814821400109162845732835371775831200,616.675987,0.542443179,1.643751641,36228.29393,0.159046237,0.287445101,0.030488391,3.976721267,0.057815824,0.10038359,0.032349228,0.6179339637665524
RBCY,RBCY2,z3,1449.405695,0.665145749,1451.183509,1.034672787,1453.788261,2.311806472,23.41226866777146770383462274160453641469002476675078298525321749455123744,0.17684716975636833602469766501238676862458357072708681703929360944876256,132.3870136,0.801886485,2.429943782,7382.487439,0.237477008,0.252109848,0.051237657,3.175349549,0.133990626,0.09138906,0.117121446,0.42343641312956243
RBCY,RBCY2,z5,65.55969873,0.093740047,64.81694101,1.988195333,37.47860664, 74.178362231719320,1.4970177235746852944320043192981310611058821452154225177650311980254080,0.1824982527127628001841450929752132620800714508226359558393976019745920,8.202915378,0.764621836,2.316609368,488.1950813,0.244358651,0.010210505,0.142234623,0.06591647, 3.166345998203600,0.046842405, 3.098458501430460,0.49347338290226245
RBCY,RBCY2,z6,65.58870261,0.267301391,64.12445018,6.31434471,9.809493432,239.428122774779560,0.93187605884601863389978852821363405998344061278412927530968463972682112,0.34802348835681681578233037752107783263747987331599960339631395227317888,2.67762404,0.992703541,3.007962395,163.6794261,0.317248617,0.01021505,0.41044187,0.065189763,10.161222389404340,0.046305373, 9.949991418963400,0.5293645857053318
RBCY,RBCY2,z8,65.73547024,0.085075468,64.67728678,1.128557726,25.69580434, 42.07396257275973,2.60583783287425968262230766359131304133607557103967859269684968628815256,0.16407368711940863389979256798701374310333806421456716452367440971184744,15.88211906,0.84634849,2.56432012,909.823206,0.27047362,0.010238051,0.128580412,0.065769876,1.801068737,0.046612481,1.753279897,0.4001686915512916
RBCY,RBCY2,z9,65.70581831,0.28137598,62.2391114,5.742400399,-69.15140898,227.046183106768760,0.5435147133391135413930308693046323285309001548613628913278800796442976,0.1789421100779050091412149256774281584502365781022157029627464803557024,3.037377357,0.896274684,2.715653258,187.1972147,0.286429487,0.010233404,0.431187399,0.06321378, 9.512012204187820,0.044821266, 9.294006930193800,0.5223367864240984
RBCY,RBCY2,z10,65.5175223,0.406039312,62.96368433,9.748242487,-33.07970752,379.39841093950640 ,1.09664280827762517925481443756957661791481603780297390581139607251523840,0.60499248771127952881451299767295820355836418115188638567077736748476160,1.812655249,1.206541669,3.656275828,112.1396454,0.38558904,0.010203895,0.624353494,0.063972755,15.967313976135880,0.045490589,15.639016525335800,0.5399127128422475
RBCY,RBCY2,z11,66.19572507,0.333455088,63.3843223,7.495983673,-41.53579296,290.261186499329040,0.49927388569820823736924022173394990748699547282028034733201812203095860,0.23398212482916046732493497974559127849627582460951230489491643796904140,2.133812085,0.709387468,2.14921172,142.5947197,0.226696717,0.010310183,0.507581469,0.064413613,12.199203581283400,0.045331886,11.944474776404880,0.5173279422928502
RBCZ,RBCZ,z1,65.88951762,0.293218305,64.713063,3.315702543,21.41985759,122.417997800551460,0.78836606939728696991685728156319888741817368041960600554699370111437152,0.11549066330974925750192880655453856081766163704864137388885833088562848,6.826232068,1.632356612,4.947643848,339.9168484,0.521658339,0.010262191,0.44779516,0.065807428, 5.288706645119560,0.046529554, 5.098655112184440,0.45890040143098504
RBCZ,RBCZ,z3,66.22886575,0.534353517,60.82629202,9.618517853,-147.0008384,395.229857694249740,0.33004841873246750411154316253528977250822839984897458110381959308100008,0.19058119173921253894027206829659051441319086701796607181019573491899992,1.731799532,0.777270485,2.354949872,117.6759302,0.248389316,0.010315376,0.812841712,0.061735437,16.291461016511880,0.043425367,15.936053843158900,0.4573776139403356
RBCZ,RBCZ,z5,65.60521982,0.151285165,62.00577741,3.551073122,-74.85069087,141.48238996043820 ,0.88964216121689473272954179187259564506033665054682339755618942071526400,0.20272136510983712944116847510786779932506369693720098187646337928473600,4.388497289,0.664155437,2.012126802,276.7146184,0.212250817,0.010217639,0.231141986,0.062969482, 5.903646951588240,0.044717098, 5.784792196974000,0.5282161277616927
RBCZ,RBCZ,z6,66.15160476,0.635508812,60.1118651,15.52703234165767,-174.3425197,650.53892753317040 ,0.46288619886243451595951421345484229782311609751964370359725511197546272,0.45114822021620478983589055875467781238718027877620327289991244002453728,1.026018009,0.73775454,2.235183968,77.89599939,0.235762626,0.010303268,0.969133173,0.060988659,26.60236243531640 ,0.042950493,26.09035440291060 ,0.5414257806256478
RBCZ,RBCZ2,z2,66.01687567,0.05485013,66.01840484,0.977013393,66.07382892, 35.601222745484680,2.89694163670631386513449087642675555927815257791250351430359411033138560,0.16354191254152517394348369756333640106924512126189950939273484966861440,17.71375662,0.998444428,3.025367341,976.4183045,0.319073742,0.010282152,0.081741344,0.067178475,1.528542522,0.047406578,1.494823731,0.43050357665259564
RBCZ,RBCZ2,z3,65.88966388,0.131615535,65.62530384,2.415190462,55.99651886, 88.519962747828880,1.49668548358742521122408758269507248858352329179297791467137602553318160,0.21860696459203190398112453138529090940335045424495111876584253446681840,6.846467524,0.793930423,2.405442227,407.5867958,0.253719267,0.010262216,0.2000462,0.066765401, 3.800484211427760,0.047206609, 3.710544350851060,0.4699053
RBCZ,RBCZ2,z5,65.86332024,0.210321264,64.47074582,4.847471751,13.07721354,182.669221421820500,1.08173558239165660880150498916855299149177838540746762805278177817495808,0.31940116009196158691035006393144535912357888527816844781052394982504192,3.386761595,0.837291846,2.536869666,209.0890977,0.267576932,0.010258087,0.321332661,0.065553107, 7.760097765749580,0.046368109, 7.595710503735200,0.5266552937555766
RBCZ,RBCZ2,z8,66.87574238,0.125278748,68.54092418,2.382390264,127.0498071, 82.520461857591840,1.0008055391682543020937159450335314752573585742911867748329936635456640,0.1335524752842053383984058866372226603531617291564616283270767364543360,7.493725122,0.888580367,2.692336199,434.1726191,0.283947413,0.010416764,0.187763585,0.069832965, 3.594499986793460,0.048642975, 3.505272761865860,0.494654685
RBCZ,RBCZ2,z9,65.88536927,0.633651529,63.48961427,15.25827426415534,-25.92271448,588.337591832527880,0.5077056673778088189461074211210386459346464536608980480742651196133152,0.5093094637603359909306247271394842100712343910211964138063096003866848,0.996851038,0.564635095,1.710541613,78.70500422,0.180442559,0.010261543,0.970921914,0.064523995,24.79189419092240 ,0.045624808,24.28189193451080 ,0.5394331543787456
RBEA,RBEA,z2,938.7026819,9.858082667,939.6450289,102.722426079269740,941.8547754,332.279004979625880,29.303540400048887611747010067489479048130897024221417664513553699929984,27.569897837651639232396391963190670724026212828183918000671380700070016,1.062881719,0.883384273,2.676900688,77.22047001,0.269078635,0.15674087,1.128728118,1.522900941,16.759609713214780,0.070498826,16.215989215615580,0.5074575258161127
RBEA,RBEA,z4,1158.122365,0.358733728,1157.98345,0.711968961,1157.723509,1.938465529,43.66577929266261630030122462860394296647656337549003125702974931002751232,0.24852201681633315055269163461322262387371885969983167516943200197248768,175.7018547,0.426258022,1.291669205,10788.57669,0.128284797,0.196791543,0.033771929,2.12814445,0.103066338,0.078467019,0.092186319,0.31855720506430224
RBEB,RBEB,z4,2330.807488,0.563763526,2415.511285,0.594879384,2487.684549,0.914043673,133.4107205365826129597888278023596344379395751880217572054549649331572380,0.7595377752074764897156642032832170753203626167961049650717558668427620,175.6472487,0.738157416,2.236831463,9487.614548,0.208017456,0.435565168,0.028818355,9.79319981,0.064569082,0.163141314,0.043516689,0.5531839210000373
RBEB,RBEB,z6,66.14485171,0.184695743,64.95049861,4.022390005,21.16290035,150.005503958785560,0.95219331080596051476518727211223883879513371648263648333912729915340532,0.23855259093970459199714103627400946888348284855924584241960241284659468,3.991544619,0.62773723,1.901765388,255.2342189,0.200604715,0.01030221,0.280390977,0.066056684,6.393192726318540,0.046524194,6.246632903955040,0.5383435730555598
RBEB,RBEB,z8,66.1441318,0.054322277,66.03298467,0.950752721,62.00728049, 34.64253081030156,2.59359013327035011294305908401654290246593392405743828056283176236384928,0.13414103956724821558005067317464888161630763351991643884533668563615072,19.33479971,1.100415845,3.334508384,1039.610353,0.351657722,0.010302096,0.081095082,0.067193798,1.487139701,0.047325596,1.45347639,0.43333445596771253
RBEB,RBEB,z9,66.16590259,0.08360263,65.62805846,1.629580957,46.06109024, 59.81867522456819,1.27547449132767736687869144275933052223214704254390165454245598626127968,0.12946180636112673633397337303973087112078623883988144574933870173872032,9.852129575,0.555253328,1.682114513,613.609885,0.177440918,0.010305509,0.123353172,0.066768295,2.564164258090480,0.047010332,2.502314416996000,0.5177551821052285
RBEB,RBEB,z11,925.3380765,3.580165201,922.6861676,21.17338346841363,916.3519903, 69.02583519263315,3.92749873448521286974576956425898375869282909202473768596116947772274680,0.71550297573857364939373157794885195584826272382451301342614940227725320,5.489143816,1.09011297,3.303366241,307.8606932,0.332290794,0.154345193,0.415379307,1.481113552,3.493161279656140,0.06962861,3.355182094638980,0.38471110147013793
RBEB,RBEB,z12,66.19113668,0.126527636,65.83315777,2.771126083,52.84092767,101.54916760319624,1.1087984783476251705019912243050372918505775151446848311050852242834200,0.1842494283685060222372822247690493790005841801301470935034947757165800,6.01792086,0.780115035,2.3635711,361.7011715,0.249298987,0.010309463,0.191391088,0.066983796,4.347248292373900,0.047143973,4.254221925208580,0.5022368544292103
RBEC,RBEC,z1,67.25206816,0.2985999,67.50742992,6.746030702,76.56657587,239.863405968451120,0.52206459898614755822949772386167895653905329227739356487762134435982372,0.21723386961413483441321593549256779989835657459844314682828980764017628,2.403237579,0.677028959,2.05115231,159.1538711,0.216340138,0.010475753,0.447307562,0.068744604,10.328891684073240,0.047615226,10.093604403705140,0.5415566118173883
RBEC,RBEC,z2,948.6516175,12.47407137840805,948.0868156,10.29242455904943,946.7756725, 17.75303812708497,2.31527566576361799401031242683843839918431820908663475996002957356905456,0.09773335635197394737712965313651587181323787406589203925134252243094544,23.68971815,1.43352883,4.344061869,1179.348981,0.436415068,0.158527497,1.414154039,1.543963506,1.67017365,0.070668343,0.866451421,0.8547262207644937
RBEC,RBEC,z7,508.9850571,0.529582184,508.236189,6.341102147,504.8680492, 34.03058450202645,6.92256537667918220740507816707655012401861033278060021519448105277776360,0.37163702945131291995665389240671143499613651598113772849156870722223640,18.6272218,2.423910208,7.345716446,776.3446783,0.755769862,0.082145704,0.108222489,0.6496059,1.585860855,0.057379609,1.546302466,0.39203946322246924
RBEC,RBEC,z8,66.26362329,0.423699131,63.36778962,9.884274108,-44.69417476,382.668822562649540,0.9085279119139202781870286963579844549211418203985473637508161636512,0.5374876282281716078548820633987582668103269965849102077809534363488,1.690323394,0.779928043,2.363004808,115.1002616,0.249237971,0.010320824,0.644786196,0.064396283,16.090051032600480,0.045272962,15.737980148056240,0.5600397668912845
RBED,RBED,z3,1144.834427,1.396678568,1145.716865,2.123924306,1147.387695,5.401790479,8.28385598776494221465667730193864451816433745523536052257568996048677712,0.13619239150876440250130478630056554350433809503327542062100303151322288,60.82466058,0.810108967,2.454855816,3419.320458,0.24398527,0.194327125,0.13315483,2.090581481,0.309230429,0.07805957,0.269980434,0.4786456452261316
RBED,RBED,z4,1058.18518,0.318393647,1058.906481,0.446530495,1060.393553,1.306919436,56.29884275971805945553398961419500564120466599701309342786421946254723680,0.16631065253076428526841272446234109405006969464550728589622341745276320,338.5161558,0.478715043,1.450626487,20547.86702,0.144865411,0.178380877,0.03255638,1.837331642,0.067911568,0.074736325,0.056265594,0.32990758037476375
RBED,RBED,z7,951.2863487,0.328935207,951.9366258,0.690377778,953.4401984,2.144551257,45.41270249838069350509475202095810336048872373055253742324367404842359312,0.23802292678184088378261843917750379342594223490618722114068454357640688,190.7912952,0.794361186,2.407129996,10762.10933,0.241795795,0.159001103,0.037166377,1.553627216,0.111755157,0.070898846,0.09971731,0.3466628878269028
RBEE,RBEE,z7,1080.954393,2.461884671,1077.449505,8.538168329,1070.366052,24.65012310453984,15.90965100832725151420929587441340685288228422315596504600412976506000,1.14281698137619865821340492351136311185078730252970136009187023494000,13.92143385,0.343221298,1.040043407,892.2863556,0.10373352,0.182550405,0.247383228,1.889623292,1.285881054,0.075107778,1.226295042,0.32983054085883556
RBEE,RBEE,z8,924.063848,0.281950451,928.8711756,0.427176344,940.2986111,1.584641318,55.58397847186964574560564803225122336766325360407343664661531295895537888,0.13105225553929322796833053935366736980039689580713497285459564904462112,424.1359925,0.29525551,0.894690677,27062.23585,0.090006744,0.154117041,0.032500674,1.496272895,0.0701873,0.070445398,0.070101493,0.004618567
RBEE,RBEE,z9,948.9234899,1.031634515,949.4641348,3.22175728,950.7176723,10.17426009339043,5.95713721514330028200611739641588510794366867930892216906310040471275376,0.15297658721563690088556562860216325244280816827457609983159841128724624,38.94149637,0.823524152,2.495503738,2196.650851,0.250705111,0.158576358,0.116914948,1.547416614,0.52234282,0.070804571,0.496152606,0.3217345786029448
RBEE,RBEE,z10,937.3277128,1.719036151,936.1410085,9.786910388,933.3489328,31.76477596754408,3.29774450154139383565178573172944663290581919486462179936730584837059736,0.31274465742564764162214755305312287777261972720211420275472112762940264,10.54452706,0.630404328,1.910286671,636.2659904,0.19203544,0.15649417,0.197071495,1.514209581,1.600409749,0.070206983,1.547809909,0.3224300830049708
RBEE,RBEE,z11,976.9109406,12.40035039731735,956.1692367,27.32957421967906,908.7477867,83.33744590630040 ,0.66008423673600246002421207739319779884006127359789543994937839268620800,0.12735179945760003287387818966899295295860231624233873189287440731379200,5.183155947,1.418814754,4.299470492,273.6449389,0.43126833,0.163617364,1.368052609,1.564294194,4.412171353173840,0.06937157,4.046113589678820,0.41142094433131915
RBEE,RBEE,z12,1619.746598,15.68817273575297,1626.616284,10.69317934327134,1635.513365,8.885500161,19.21450249837842527581017621591112097520638488219300487894886594161232000,0.16593210790301426738633599826326008474432624912519999751020605838768000,115.7973748,0.856966413,2.596855868,6348.598479,0.251392705,0.285637077,1.095376822,3.962814637,1.318867712,0.100665733,0.477275149,0.93808543
RBEE,RBEE,z13,1726.3029,4.135778328,1725.09681,4.173515302,1723.633827,7.414703596,9.94194077374990050780732748500657031242562497614689302524561997124223904,0.37494220750727397006148523411321500559294435760907538084112089275776096,26.51592852,0.480176993,1.455067653,1592.979399,0.140023783,0.30706487,0.273091112,4.468266156,0.503017055,0.105584795,0.402393844,0.5992482402332353
RBEE,RBEE,z14,824.7928177,50.48253913681446,859.4364962,38.330383766616440,949.8910326,21.72190558530608,150.0381122660133211768012294715267383406852287474403557275371374481884200,9.5665639586611773714306017289915250272197976383461663317229345518115800,15.68359475,0.626671533,3.5,936.8588148,0.192078016,0.136477727,6.521204986587620,1.331276644,6.610567690642380,0.070778118,1.060906282,0.9870260600056341
RBFO,RBFO,z1,2983.582276,4.675751803,3113.424104,2.372980969,3198.257376,2.245005299,22.34253536551541791499897827563512912356553776721132352166013834607929088,0.63880191089048467997672366567548776283205339448682773392218946192070912,34.97568649,0.309602749,0.938184541,1954.319965,0.084024025,0.588549072,0.195771964,20.46139476,0.245124688,0.252258966,0.138143078,0.8154355660353764
RBFO,RBFO,z2,2476.38546,1.011792749,2482.39652,0.646627031,2487.319943,0.823691529,96.4064965054430241539142995756027549229340926998129433332717304892617816,0.3545730637867584779926560013684312230170557397874634020755360707382184,271.8945863,0.644662079,1.953512376,14982.957,0.180162617,0.468353311,0.049204108,10.52810784,0.069731924,0.163106319,0.036357807,0.7134100052881918
RBFO,RBFO,z3,910.819069,0.343460468,918.7673943,0.516376879,937.904069,1.439266488,87.96789445717762835632641380215577387627797600344683549346779979467666640,0.29711401601879490030660766986943580864343718240443175205413844532333360,296.0745361,0.156689623,0.474802643,19617.18866,0.047800403,0.151748207,0.039690404,1.471556387,0.085414282,0.070363494,0.061653255,0.590489098
RBFO,RBFO,z4a,65.30513954,0.168147454,57.644861,3.652574439,-250.165443,161.538485178719320,1.15805024753586886294887362899054329295697891332651816459872972919391760,0.24795758952925374019146453390408856586579633824360322213145443080608240,4.670356127,1.000377207,3.031224147,272.0679962,0.319707325,0.010170614,0.258888722,0.058413979, 6.517903737227100,0.041673706, 6.382480378463600,0.5372101496175365
RBFO,RBFO,z5a,758.6673577,0.815445975,754.4141892,4.001386983,741.8252874, 15.559119349697240,8.73004607303525201211648308710449176155375104762718341404400080821320,0.27480471709917415476973110336437981383157848077563336905547919178680,31.76818129,1.174029322,3.557667132,1665.23706,0.36113691,0.124882065,0.113936184,1.102200838,0.751612704,0.064040269,0.734924838,0.21452066117454732
RBFO,RBFO,z6,1000.585831,0.510326419,1065.43398,1.177639596,1200.726568,3.132247286,31.6364503412731028145277558783754546444802534156562126137565908793086540,0.3003278611740682584436816783259243670546552168154754734984355206913460,105.3397118,0.544900713,1.651186755,6272.571443,0.165415542,0.167898725,0.055031607,1.855630487,0.178481415,0.080193313,0.155497313,0.49065489550647046
RBFO,RBFO,z7,525.8608231,0.235424552,528.6726081,1.374646132,540.8303495,7.058738444,180.9776972890873763697299464166405885690547272039406799223471336768765508,2.9296672114543890289025026117316986550108189574437053224739916031234492,61.77414847,0.751560484,2.277405181,3551.851217,0.234121059,0.084982345,0.046539408,0.683143571,0.333557093,0.058328033,0.321109042,0.2979053453453916
RBFO,RBFO,z8,899.9290336,0.564919017,907.3174161,2.142007742,925.3441935,7.056432516,11.79307110585912304032318504120606443601728847339178036193747850104027136,0.22046904141570790541758843229373609944121684709988055656888847495972864,53.49082588,0.698656703,2.117111783,3100.441425,0.21326199,0.149804163,0.067240635,1.443842406,0.357062736,0.069934258,0.341930287,0.2922355964713787
RBFO,RBFO,z9,1199.713248,0.487839662,1229.55301,1.340927606,1282.265901,3.464207135,20.97869218745072319816332616095365841182867182612826823321911929546056448,0.27427384102318236253383712470178899947610622093730436066873427253943552,76.48812628,0.341596725,1.035122895,4789.217576,0.102570293,0.204538021,0.044489917,2.356589006,0.18810041,0.083599533,0.174761447,0.3437513890080403
RBFO,RBFO,z10,877.467809,14.65594634970634,840.0449906,187.337102641160300,742.3674716,673.92352185608440 ,21.20670414527486035637184134674691430008523276599888917294236355584480,39.24169184385490158131003577876747757252256028411257457253571644415520,0.540412585,0.585747827,1.774961422,50.727522,0.179016399,0.145804835,1.787135315,1.287177007,32.78350559258360 ,0.064056087,31.86569902611860 ,0.5336216693594481
RBFO,RBFO,z11,791.2877125,0.338646802,797.6213005,0.502888374,815.357576,1.691899638,97.82632237403359113723396287409232122244270177150785150026702068435574976,0.35765400349342126343739219601084042342974607241297488730448773164425024,273.5222349,0.625113462,1.894247573,16092.00234,0.191946819,0.130588713,0.045425343,1.19358532,0.09102124,0.066319357,0.074160346,0.4596871864387484
RBFO,RBFO,z12,948.3211731,0.40893337,947.4114138,1.534959727,945.298088,4.911607047,15.99282374795711599690334056781923387805967409586734942433474692653570000,0.24038472857011258963455532076023051314384715873456660634337307346430000,66.53011547,0.376729666,1.141579259,4170.946144,0.114691432,0.158468112,0.04627375,1.542271902,0.249188575,0.070617371,0.237608656,0.2918713016576801
RBFO,RBFO,z13,869.8473457,0.352250432,875.2557945,0.79914174,888.9626018,2.692238088,41.68859707612796263424500007164353157096161094026954368513850485076464280,0.28833169670742079216467308226911224851067193423152837366347162923535720,144.5855504,0.396935156,1.202804653,9006.154237,0.121361873,0.144451138,0.043173672,1.36788149,0.136240238,0.068710006,0.126186293,0.2937038957361548
RBFO,RBFO,z15,2712.231666,1.297328057,2731.512581,0.735628453,2745.799417,0.805469947,104.20391889445884254277872048434310300774079156216308756098101913834421520,0.25477837670672940112281904772833775618605849215797394438006118165578480,408.9982841,0.410340517,1.243448651,23220.93668,0.113130681,0.523069179,0.058593584,13.7335936,0.077723635,0.190509897,0.036772472,0.7767381666831511
RBFO,RBFO,z16,100.1977281,0.155183303,99.79360753,0.281913858,90.15033051,7.666616997,19.5681457073318411870023162070216308030599248903024304621449254892795088,0.2683782441122932608631784062964397027755924019598722210301445907204912,72.91256328,0.078029875,0.236376009,5050.72772,0.024881497,0.015653264,0.040161527,0.103273571,0.29660641,0.047871469,0.284032278,0.3301966600381203
RBFO,RBFO,z18,969.5979943,1.03698377,969.6785925,2.72163679,969.861256,8.184040782,10.90635212222012535892708642123438655285002892730973683803172587479438344,0.20785854374246111110176401499955160873587491954460351753051082920561656,52.47006895,1.392756724,4.220503333,2610.500941,0.423517093,0.162298067,0.115200614,1.5986393,0.43570824,0.07147096,0.399822381,0.42044642364015605
RBFO,RBFO,z19,1598.057839,1.199615596,1596.422606,2.135518027,1594.264566,4.471150663,11.6359960767532908969423963256223564851503065409039130150770301309243872,0.2278654054700974052422486502841782869705397499010182897799733890756128,51.06521568,0.523456916,1.586217227,3034.42607,0.153743088,0.281318822,0.084751191,3.817411754,0.265410495,0.09846065,0.237237272,0.451161246
RBFP,RBFP,z1,739.8021334,0.333571692,1072.146355,1.794100078,1828.893342,4.67835371,18.65947910058944143845685544234157989319020555396005192338926367168743832,0.49491505955957792438669638874775325402270758520746044059768324031256168,37.70238699,0.309705646,0.938471623,2329.017255,0.095364683,0.121594913,0.047486636,1.87457069,0.270949232,0.111861458,0.255916137,0.3539922808063988
RBFP,RBFP,z2,527.8107263,0.297138838,525.7623481,1.830901867,516.8774173,9.543278421,41.75861819209542866211544738628707636785831828925295226415526943090096936,0.77213649542693145758079274825460809680911591202067718340945834509903064,54.08191225,1.196514322,3.62580927,2811.500002,0.372690759,0.085310582,0.058613442,0.678326303,0.446141785,0.057693889,0.433385106,0.25983344010229464
RBFP,RBFP,z3,1103.491106,0.388821377,1104.373849,0.96512246,1106.113036,2.549021049,86.69212918998698273810479597429200353535336,0.67347027644763582668765655913206846464664,128.7245068,0.403314716,1.222143349,7965.699179,0.121745072,0.186691885,0.038262267,1.967270732,0.143365797,0.076459728,0.123257357,0.524951157
RBFP,RBFP,z4,774.1739118,0.199817556,806.7896137,0.350409565,897.9022268,1.195384831,74.5448638520765963079680400714123404989392275305937311257013040374500000,0.1721974282529975975258167793568526071460512456161314595602959625500000,432.9034679,0.356816579,1.081230965,27190.71466,0.109665902,0.127591201,0.027093521,1.2134818,0.062948985,0.069009137,0.047692654,0.3975078715612096
RBFP,RBFP,z5,853.5813676,0.306336902,876.1024006,0.549706531,933.4525386,1.86758171,39.48465368803827707944862021596346491792446818222354732021949404545082196,0.16569980127474328650565954135733300322097588476846060545277589054917804,238.2902899,0.067562366,0.204727173,16190.20745,0.020675351,0.141567002,0.033124448,1.369856605,0.093658661,0.070211319,0.082743936,0.3153176759962026
RBFP,RBFP,z6,955.0009913,0.326860147,953.8237874,1.507690142,951.1091732,4.808598107,39.98458989833681050396381932099946033619961281349245774083675045994115720,0.59333171624466684252291034367518404214039120242125256849873706005884280,67.38994192,0.450932689,1.366434985,4144.778194,0.137231631,0.159669158,0.036739528,1.558377727,0.243766554,0.070818342,0.232710614,0.3099397213943434
RBFP,RBFP,z7,985.9316183,0.62221088,1006.570406,2.986799012,1051.777591,9.144496703,15.2441415676053141920303335720004967518535346579662082031857225011897000,0.4622427501605860561800176532392413004177634907190517244727974988103000,32.97864934,0.214785157,0.650847109,2160.070302,0.065254685,0.165246807,0.067872695,1.694791577,0.467718957,0.074417877,0.452594818,0.2749933617146731
RBFP,RBFP,z8,1204.372436,0.327146164,1207.427333,0.386844288,1212.894971,0.976907214,113.50392560970507066827309953783097787269329527244123168358034302151528,0.12026554844959189849077776829201673198365782850112693373482497848472,943.7775579,0.551966686,1.672604027,56015.3803,0.165694942,0.205408932,0.02973672,2.284238484,0.054777161,0.080689342,0.037364544,0.43666567175495324
RBFP,RBFP,z9,952.6975083,0.711497806,952.2639722,2.078998283,951.2622549,6.514804654,9.39613892806884900491656381485681283429374492308264932725508296721206432,0.17350049532764498203614983288419010614834426260371211650443434478793568,54.15626572,0.448072281,1.35776707,3336.846115,0.136378308,0.159254846,0.080302997,1.554450605,0.336468803,0.070823653,0.316707433,0.3384615337031766
RBFP,RBFP,z11,883.7788692,0.260950082,894.1556994,0.950824666,919.900206,3.08106939,27.74181344829056692837816728163781504481455843942478790311828771001658976,0.25642350722621163437704527907634479326267540871149114326183670598341024,108.1874815,0.362235516,1.097656047,6799.115378,0.110668383,0.146927142,0.031410971,1.412368972,0.159943316,0.069749102,0.146272555,0.41059049240637135
RBFP,RBFP,z12,954.341269,0.407320822,954.1897646,0.501228919,953.8404313,1.0821665,243.23926460062434993004154527596123983342603380723164518152951557783389088,0.24387671553298670128580336458476562505775914138129655692082823016610912,997.3861755,0.454753472,1.378013012,61023,0.138399394,0.159550483,0.045852132,1.559300016,0.081021024,0.070912703,0.041782709,0.790550492
RBFP,RBFP,z13,950.4475372,0.540928784,948.6587459,1.150507563,944.5104708,3.011780056,68.65664281975461873200030509909569584219886401744784902211957189473112048,0.31283150074451813473102274428208295819748124914143754294530727326887952,219.4684444,1.113090712,3.372998063,11522.75342,0.338829496,0.158850302,0.061209457,1.545396837,0.186627246,0.070590207,0.143432936,0.7421665152695732
RBFP,RBFP,z14,762.0083762,0.294661076,782.386783,1.376129641,840.9536406,4.982798892,50.94337427979811371541590321790115313579977359884016410903520793758970880,0.65897963017773314666226084925640757615180523295830443595927014241029120,77.30644765,0.922221007,2.79458503,4248.070547,0.283627948,0.12546522,0.040974127,1.160919063,0.252270226,0.067138413,0.237158356,0.3883209557050755
RBFP,RBFP,z15,1692.53934,1.023826629,1714.321168,1.202358521,1741.032935,2.107662877,32.52076849847015390097835383617953708323896017214176207914017151457360224,0.22347729604814323055932736716853379167795086981351814406905926942639776,145.5215768,0.573377468,1.737492566,8464.218849,0.167518274,0.300236861,0.068773788,4.410541619,0.145262292,0.106590965,0.110351318,0.6309305889246557
RBFP,RBFP,z16,902.0215572,0.439238568,905.1787517,0.641984802,912.8908391,1.744967864,106.89494008078280593803231768049507722919430179592169306317783081491252752,0.45292462612147493982161146472797804191342800017475373294463081708747248,236.0104395,0.521466234,1.580169971,14224.63288,0.15915716,0.150177457,0.052133003,1.438700447,0.10717239,0.069511733,0.078321583,0.6284200587721428
RBFP,RBFP,z17,957.3974851,0.535546241,957.001939,1.591289616,956.0928521,4.91005046,14.47175487519202889336961492876528750912054070951847436578747853540911700,0.17875372745261105549553608891400855212764469348283017360321066459088300,80.9591782,1.148542648,3.480431623,4229.057638,0.349488341,0.160100356,0.060190918,1.566398001,0.256768182,0.070990838,0.237958136,0.38438772889791367
RBFP,RBFP,z18,860.8728961,0.507031584,861.4749426,1.176247718,863.0243811,3.919218609,20.14891125128845773086973248455824097683329180723623792373728725337073664,0.18740930047321381998540702183431903391157168137371253790707857062926336,107.5128673,0.517165399,1.567135545,6503.918521,0.158199383,0.14285897,0.062874248,1.335961532,0.202553903,0.067854541,0.18611814,0.3648889954115279
RBFQ,RBFQ,z1,840.7076325,60.776961747359020,950.1731291,256.180594608279520,1213.141817,675.00522510111920 ,4.6827437388657219915110302362666850081709509708939599145415582513566080,2.5000108087983198967801752065665610851317226779808743506680545486433920,1.873089397,0.686405498,2.079984293,125.8521563,0.210200448,0.139289501,7.712663815650040,1.549195977,41.51577814901140 ,0.080701579,34.30414902758000 ,0.9467122701944666
RBFQ,RBFQ,z3,986.7298306,0.348499266,986.2527536,0.598831901,985.1912466,1.628127655,44.27975329524146726760993286517106644126003564797297145180714548184023296,0.15647847015557918354227424798027097726374870154757954137756005415976704,282.9766501,0.566567965,1.716844576,16838.36645,0.17212362,0.165391101,0.038043161,1.641405137,0.094906126,0.072010812,0.072993779,0.562275748
RBFQ,RBFQ,z4,1412.318703,0.448571639,1420.680358,0.779931522,1433.235564,1.962783082,30.81590532414692334819126159733079583700489030117560489366261655511078400,0.20264566676549409839490054189570568847941697391640068552135784488921600,152.0679214,0.35516941,1.076255148,9426.36725,0.105399435,0.244926927,0.035304975,3.051783077,0.101980958,0.0904089,0.097537951,0.14814428812335595
RBFQ,RBFQ,z5,1723.192171,1.91566441,1720.546033,2.212789277,1717.327855,4.028428609,14.02313295427461906997792360083934109090449516778975278204632262787373600,0.20309389933202065154692506081616933051262998868079914604893497212626400,69.04753417,0.477764312,1.447756487,4121.770667,0.13934451,0.306434291,0.126688903,4.443813143,0.266966992,0.105223437,0.21670576,0.580897252
RBFQ,RBFQ,z6,972.113859,0.324607403,972.0648037,0.837448442,971.9539254,2.552478381,45.71905150373969082782668070006696830132084981884873226959139280474524128,0.32255238863948275177937071145933453474819867555419637593565564325475872,141.7414755,0.733728759,2.22339404,8112.348673,0.223085551,0.162751775,0.03594288,1.60475344,0.133870989,0.071544564,0.120801722,0.3693219215333597
RBFQ,RBFQ,z7,2460.703715,1.898058328,2465.656199,1.554419449,2469.741506,2.278478662,87.1694078205999228417856468691427359832070461669916362053270812915983360,1.3259577450809343712132081259640757223920802243019772038580963084016640,65.74071319,0.596812318,1.808512909,3677.698139,0.166940182,0.464785663,0.092791024,10.33960548,0.167892883,0.161415525,0.130935714,0.5965707871974821
RBFQ,RBFQ,z9,66.83628572,0.072427167,66.14671597,1.277510822,41.27301225, 46.36569395882774,1.48474074587244555613060958602174695802354671073010702088163152614304360,0.10673762957421801369288749188381627651741588882948426209599423385695640,13.91019036,0.869298179,2.633888845,794.6453764,0.277786522,0.01041058,0.10730449,0.06731334,1.994919969,0.046915924,1.937908609,0.5481168291107511
RBFQ,RBFQ,z10,711.6013893,1.69519119,697.6963067, 19.22354256294013,653.1548466, 79.377307966977780,10.4574315158522924163205438749189258345282408507077966828810951615289492,2.2884603285726273749903725323097494648358412155068507771000835584710508,4.569636356,0.278736645,0.844626968,313.2821465,0.085960328,0.116699005,0.251701713,0.987994234, 3.809467065932820,0.061430113, 3.698498909214940,0.4669308721358988
RBFQ,RBFQ,z11,520.7556963,0.127197686,520.9090178,0.29276115,521.5813604,1.65056845,58.05273071321961053299308435428799601750169533655828715497093410161356544,0.14010130567925372483713491654460933074039060701330886132518980238643456,414.3625245,1.157606011,3.507897515,21597.40209,0.360709246,0.084123443,0.02535811,0.670323376,0.071845526,0.057817776,0.067749921,0.040788985795937725
RBFQ,RBFQ,z12,1185.025899,0.479169794,1227.839803,0.778188154,1303.835426,2.209737058,23.23127714796562287658349832213821220975784414125470528572403732391777336,0.12126496203225440142443309657570497945251968188888642126468885208222664,191.5745221,0.404233066,1.224927973,11769.1144,0.12147619,0.20179673,0.044209265,2.35093037,0.109239661,0.084531718,0.108957144,0.098352281
RBFQ,RBFQ,z14,3264.606316,3.465072988,3297.329377,1.748487043,3317.284,1.749724286,16.51885990586732414487787327053396801114055498819710133996362494685751200,0.26213008942196214998603698375021991266539083833612607563807425314248800,63.01779373,0.057225767,0.173410229,3640.284651,0.015277397,0.659332187,0.135198694,24.72272487,0.179164988,0.272073419,0.106668792,0.7830287543033847
RBFQ,RBFQ,z15,2479.161666,2.764204293,2481.560131,1.617947436,2483.524444,1.731016077,10.58904900478486383293012460164541282803768077831920606561169506798336480,0.09496652272461759898026649800948568407454537053706973358335261201663520,111.5029665,0.708501835,2.146966545,6076.133435,0.197972276,0.468985811,0.134310712,10.51861583,0.174492272,0.162739489,0.097332511,0.8095850798199974
RBFQ,RBFQ,z16,970.5873082,0.287769015,970.5677596,0.551438796,970.5235006,1.664880206,47.69383235810069834548783650515863355156940084503893177784677263448476960,0.19442285489973759404981120027026597386366231868888756920026672551523040,245.3098036,0.347548585,1.053153482,15435.96038,0.105678756,0.162476458,0.031772657,1.600915915,0.088231812,0.071494159,0.074847625,0.38256371292639824
RBFQ,RBFQ,z17,532.4843346,0.208436334,531.7555228,0.921276988,528.6294127,  4.859251011692440,17.17619899294051105816083996520200904291354137688433813134574438799865392,0.15935942101111787082502585235070820268164934010425464840347148400134608,107.7827648,0.873860709,2.648022117,6007.450967,0.27212165,0.086097718,0.040715133,0.688261712,0.222559672,0.058003533,0.219354855,0.11183064545993747
RBFQ,RBFQ,z18,2430.999137,0.796309974,2453.796145,0.534580333,2472.741371,0.703510163,119.25657603539527189506890605739252246518002163463344784663507340316466400,0.27780698080873704045861244828149130270516325277651651778110899683533600,429.2785433,0.506840801,1.53587193,24367.38103,0.142014902,0.458051519,0.03931323,10.20792518,0.05780572,0.16170209,0.026254722,0.6931616040934825
RBFQ,RBFQ,z20,66.32816722,0.235625081,67.36330721,5.318666325,104.2828203,188.557859523979540,1.415975710985547490464187063567890673854217220927128605575672665837500,0.470641203483787659759299672703171351263338629649827225369509734162500,3.008609745,0.741670844,2.247054517,191.6349141,0.237011228,0.01033094,0.357569207,0.068592918, 8.160294786678960,0.048176131, 7.975881261630920,0.5316442198796706
RBFQ,RBFQ,z21,794.0939476,1.009753134,797.0685295,3.662197203,805.3942835, 13.10907706135569,6.23753825044761231490034299308299558565258713424623961367068856291234476,0.20578153282448035327859275261551376907862833781854443510297145308765524,30.31145781,0.438116788,1.327592963,1886.22611,0.134507225,0.13108099,0.135130243,1.192391465,0.663148909,0.066004208,0.625319309,0.3680062229102557
RBFQ,RBFQ,z22,2797.542986,1.798378731,2802.583392,1.162833918,2806.212561,1.116405475,45.27266989029418448088528458829123425375850161511589585208922789053400000,0.17265473984661654828918891970252229873914224391658212858517210946600000,262.2150422,0.712189542,2.158142745,13932.34955,0.195383593,0.543359467,0.079239661,14.80180626,0.122258707,0.197660531,0.060121945,0.8549057494932375
RBFQ,RBFQ,z23,865.8581686,0.360016952,879.8406877,0.575694521,915.1810269,1.739530236,61.04157011606836723689012214095436865840349535492475015624195022675211560,0.16232245011085794970606773500344562585349153874687006846211873324788440,376.0513107,0.372610974,1.129095772,23524.49396,0.113949615,0.14374314,0.044304847,1.378597674,0.097824049,0.069589369,0.078028546,0.5072299117430217
RBFQ,RBFQ,z25,2486.685964,0.791024129,2488.445845,0.597894454,2489.88279,0.758739631,72.88862055569882985324817399774051191465400592669787815638353261239039856,0.13010790187941543727852728346649330796022415883712854198547788360960144,560.2167086,0.509986227,1.545403787,31743.45929,0.142440786,0.470701436,0.038332629,10.59699358,0.064440271,0.163353946,0.031301264,0.727665855
RBFQ,RBFQ,z27,534.6034363,0.339472328,534.7854752,1.515591022,535.5620335,7.596101575,8.79455782163673511464364975010695149348550635808907272764016783200,0.13392006808898024996580077049311348877804145848092384038543216800,65.67020124,0.852029965,2.581866466,3685.957181,0.265293097,0.086454809,0.066132002,0.693307091,0.364554277,0.058187402,0.345519198,0.34930302135944336
RBFQ,RBFQ,z28,600.3066164,0.332660766,614.8496857,0.786799383,668.7789358,3.38093314,34.71258861592055120875555181201010976039299790295095161652425062595785760,0.18378077858212426489565248097510688855396953594886664219324953404214240,188.880409,0.416740269,1.262804559,11748.23935,0.129297917,0.097584919,0.057867509,0.832231665,0.170596552,0.061880528,0.15453415,0.3810661492965679
RBFQ,RBFQ,z29,895.4939008,0.28933185,899.3646913,0.452583857,908.8877402,1.216907649,88.70526952858632899805977348925064916848674729633001995081370346371553352,0.11845030607520416616817636102548472885032944379063135625037176828446648,748.8817249,0.295211087,0.894555242,47807.49466,0.090133753,0.149013362,0.034355495,1.424776406,0.075856732,0.069376755,0.049256056,0.6640440405069075
RBFQ,RBFQ,z31,969.2627112,0.455329295,969.2095564,1.716885063,969.0890316,5.314030956,42.16546718281550334073107472028808903072661364748800787712035792850031064,0.67472448935419398768046457112533750286355667008537556023521829549968936,62.49286612,0.463193286,1.403588514,3831.430636,0.140852935,0.162237617,0.050543077,1.597439187,0.274936479,0.071443917,0.258395228,0.3716614427591682
RBFR,RBFR,z1,65.83000568,0.161160879,64.74322458,3.519994458,24.75386879,  131.61266240434435,0.90439080589869080277123582690442573852327719033296037377137467751454400,0.18807374723943049790792678443084161316785009760851928800539972248545600,4.808703071,0.932629415,2.825854595,282.8551707,0.298045067,0.010252866,0.246040385,0.065839088,  5.612029013840700,0.046594109,  5.484817848931120,0.5327153030391039
RBFR,RBFR,z3,65.53052729,0.772723603,59.46106263, 18.72224298632299,-178.6518702,  793.19880333435920 ,0.35738427446157676342249486262346106219140611831975713810259754012857352,0.43423791878514890715864235986061238542794738408023769017050129187142648,0.823014893,0.622256446,1.885151779,67.58797286,0.198861769,0.010205934,1.190302731,0.060308844, 32.41748731214780 ,0.042876637, 31.78391496059400 ,0.5454222567050935
RBFR,RBFR,z4,1546.232734,0.973618306,1558.202276,1.38336725,1574.464107,2.821788222,14.78200304960011954850191020752009065559792955352396731017782411405288128,0.16930889490274522545478523485902175567783493004926338267365633394711872,87.307894,0.345179736,1.045985252,5405.148756,0.101675158,0.271059032,0.07079655,3.639448547,0.17367542,0.097423602,0.147191813,0.5067907208268592
RBFR,RBFR,z5,66.30740371,0.932901946,64.80605577, 22.841977027864840,9.709834236,  857.466692794191720,0.26439429825314812448470172475747242802126402731173727024289181577522880,0.38848977556087397869175591425633931320769577979588601739245026422477120,0.680569515,0.641152001,1.942419522,58.79758731,0.204889326,0.010327686,1.420239741,0.065905043, 36.38343075310120 ,0.046302891, 35.63111563054640 ,0.5437409739542585
RBFR,RBFR,z6,65.1602956,4.597047549,33.0429533,117.17765592361700 ,-1965.589639,13256.7197407341520  ,0.845358602893334047885800764769048563658145768294311110381198974125696,6.129217202379325466811389570347960569543843900047618551665690625874304,0.137922768,0.83070696,2.516906492,26.48750175,0.265485646,0.010147917,7.116670487656440,0.033077646,360.4236398608620  ,0.023651037,356.6247971536540  ,0.5408543013839628
RBFR,RBFR,z7,67.51877096,0.338069866,71.11439508,6.92887685,193.7660686,  229.418105615225140,0.34544999505246170333297669003842079695102632556824602423263125030171840,0.14667477828298469431654716378155645868596465377391749351722218969828160,2.355210617,0.58824753,1.782105932,159.2554985,0.187967149,0.01051756,0.504246223,0.072547878, 10.088460726903140,0.050049782,  9.865325098855560,0.4625078064787727
RBFR,RBFR,z8,65.8882385,0.314774188,65.17259064,6.601465026,38.97347367,  244.109224039276360,0.37727097823943363925436298273559976058531892936990062275011378002881920,0.14773889111643467510941552326277706494750821226783278918438893997118080,2.553633477,0.701691757,2.125886478,167.1029152,0.224242234,0.010261993,0.481373849,0.066289885, 10.457754444979860,0.046871413, 10.199935494761100,0.5518989526882397
RBFR,RBFR,z9,2504.698545,1.419502014,2504.92482,0.970910786,2505.108241,1.229040947,38.27340556021143878206644326807867279861126148106488827386330540770976920,0.25834083453941402611296314684899016303188076022839399581040131229023080,148.1508165,1.573412411,4.767934284,6839.056377,0.439005046,0.47481665,0.068396126,10.78674045,0.10448475,0.164837785,0.065491276,0.7177595751240081
RBFR,RBFR,z10,737.6425974,1.870568186,731.8793569,7.604542448,714.2726949,   29.722753788179780,17.7508148917417727340699984507870003454100204788876537262026796077220352,1.4764132687519408498188076299360110593901187383195349242390471122779648,12.02293102,0.080970383,0.245354688,836.5649087,0.024935358,0.12121924,0.267802059,1.056059701,1.458110469,0.063213436,1.398270909,0.30935285310958316
RBFR,RBFR,z12,2413.369774,3.009448203,2441.531494,1.915544574,2465.077296,2.330510352,13.05720933236685416927793091858567350929229375245148727978754773792085376,0.16242300475511336941089916729056341987201418546707909124206707807914624,80.39014764,0.873503884,2.64697445,4244.229229,0.244999732,0.454069522,0.149497515,10.07336076,0.207380259,0.160969842,0.134114939,0.747060775
RBFR,RBFR,z13,951.3549235,0.605862331,951.5490058,2.120843849,951.9978966,6.541116534,11.04200360056668722663293577835571753162288203486866118774581903776756224,0.19544636191860309952017180276701296893930916379796274242031574623243776,56.49633737,0.832418264,2.522456051,3171.991174,0.253379048,0.159013433,0.068492088,1.552652561,0.343396771,0.070848874,0.318077743,0.43349979264012317
RBFS,RBFS,z1,65.4299421,0.471916213,60.748118,11.59376361969729,-120.1085541, 475.676696093738140,1.1298059781637936864804556702369393708863888989236000305919660303148000,0.8265051052164538068578875805261582332429263555803588933534739696852000,1.366967936,0.770225661,2.333592846,96.907459,0.246151765,0.010190171,0.727326634,0.061653697,19.661574040144640,0.043900566,19.280473553633460,0.5373557592816119
RBFS,RBFS,z2,66.42257877,1.224816223,61.95498972,28.85656225035342,-107.449783,1156.83329111356280 ,1.8537709800003836131813835872412961678762936655906174345796946893350848,2.9798109146396847536157212837582643470574884049352763442574329906649152,0.622110272,1.066197563,3.230768158,51.76925847,0.340716042,0.010345736,1.858759689,0.062916316,48.01207446986320 ,0.04412598,47.00709639669700 ,0.5543640671679413
RBFS,RBFS,z3,1116.026444,0.556223723,1290.465988,0.602389493,1593.803434,1.237289275,82.90565161683901935009044066596875125732753748439192831632203942441112960,0.13503736125462535364167339898924501522490530532039301768981593558887040,613.9460283,0.559807076,1.696360713,35841.88702,0.168867675,0.189001727,0.05425396,2.564113761,0.082463497,0.098438276,0.057789465,0.5986669837875088
RBFS,RBFS,z5,2010.266008,0.990031777,2036.722805,0.811554145,2063.628858,1.172785411,69.07225734369295376758393282987422274786877492843032192852252965443907024,0.11672172581626660442365528935484258825397095603062610989944992956092976,591.7686434,0.237445323,0.719523413,36637.84652,0.068143368,0.365928227,0.057289052,6.432531056,0.092351176,0.127549412,0.058061694,0.6986163112722258
RBFS,RBFS,z6,66.0968622,0.28401893,64.19485844,6.869287582,-6.153781985, 261.0643207219580  ,2.22586101864595644607112582374428456484750308006739476893424243847419264,0.88290792370018287181835132420438026193447061576590462690192338552580736,2.521056793,1.104573055,3.347112117,151.7102814,0.352987398,0.010294687,0.432814138,0.065263628,11.042506805016780,0.045999227,10.816477666223900,0.5363747121189277
RBFS,RBFS,z7,65.89373662,0.123122586,65.61253923,1.657857832,55.36919631,  60.46214046153145,1.6675079750161061893771773240468655127477163236328035131942596456608592,0.1370892420541267778907789961195111748998319474569723422545190743391408,12.16366762,0.919900759,2.787270581,688.8112168,0.293975996,0.010262854,0.187151023,0.066751991, 2.609255541155320,0.047194193, 2.534032704995040,0.430933404
RBFS,RBFS,z8,66.06177816,0.442129314,62.24957714,10.63133840938758,-82.00808155, 422.386866765642700,1.38049565153351536730731723551306794753337702809937912799761109101514464,0.88609544973464515662904639695571209119326784522538872972481073298485536,1.557953663,0.893384975,2.706895765,105.1443721,0.285498901,0.010289189,0.674646387,0.063224738,17.607433767109660,0.044585984,17.247598916759460,0.5470319042409552
RBFS,RBFS,z9,66.04300121,0.215353644,67.59169576,4.808323241,122.7560722, 169.291022114133540,0.60455816821294656512311862718591291769608337986083262109612368495118992,0.17725693255677969342388313407547446637173505714391968841530898704881008,3.41063201,0.766122834,2.321161795,213.5065728,0.24483007,0.010286247,0.328087417,0.068833302, 7.353178663478540,0.04855502, 7.185519628493920,0.5272857239664589
RBFS,RBFS,z11,65.65572289,0.233641342,63.59640881,5.325453916,-13.23693032, 204.298668089210120,0.67201774571925366074710344491536992222301188865470908602169223044966436,0.21225639726557029666969555843370215430268865873653108064210914555033564,3.16606592,0.926110666,2.806093476,192.9459074,0.295965444,0.010225553,0.358257853,0.064635964, 8.638803991937120,0.045864842, 8.452899884713560,0.5338942605836403
RBFS,RBFS,z12,66.02588194,0.630880105,66.12965789,14.58779224350142,69.88617984, 530.192158158864140,0.33494381578383155840164598494840333490398089443997880368575447894253792,0.27072161832208835353533066636482249090817744383886822630507259305746208,1.237225966,1.245907643,3.775638461,81.79175254,0.398155549,0.010283563,0.962690674,0.067295409,22.78551569041360 ,0.047482581,22.28503528658160 ,0.5352683315702412
RBFS,RBFS,z13,66.09706545,0.567915484,64.82019527,12.35763478624132,17.92893029, 462.306944489834080,0.33946005524921205277158530755065273171298268074373836862114748919782960,0.25126225268487011928052060068310600668615438121714135285808387080217040,1.351018912,0.843964393,2.557095831,94.44673551,0.269704905,0.01029472,0.866139549,0.065919886,19.679477371865380,0.046461625,19.241439591300720,0.522082758
RBFT,RBFT,z1,65.70040834,0.320030864,63.58420484,7.78958291,-15.36831965,299.34935423308280 ,1.73727603002695274889742910435578732016097986893009050207597355855860864,0.78395853163104552252899008065971055673521906277157428742692026544139136,2.216030517,1.113383691,3.373823889,135.3796467,0.35581286,0.010232556,0.490703825,0.064623168,12.638395993670220,0.045824382,12.380998222706320,0.538535347
RBFT,RBFT,z4,66.1568876,0.100192994,65.61531619,2.12900011,45.90920539, 78.377610693523900,1.78697671432828515529087336810787978016596647415636831994333569983593120,0.23596637391025874540752067198552153586767705351071135386763422016406880,7.573014259,0.65102948,1.972352122,464.7188074,0.208047999,0.010304096,0.150277763,0.066754908, 3.350635765096480,0.047007352, 3.278985617976680,0.4930723000759047
RBFT,RBFT,z5,1627.381308,0.672287392,1628.336426,0.641875209,1629.57063,1.320670871,64.38720988927707414106272432238917458822800952856451709679826149020718840,0.15328045699169774435839912742707435347994326392414410357089194979281160,420.0614426,0.720746776,2.184066459,23693.29304,0.21134229,0.287160617,0.046737903,3.97122918,0.079133345,0.100344265,0.063245798,0.45953792778909286
RBFT,RBFT,z6,1729.575242,5.195496995,1718.599412,6.526549338,1705.254003, 12.46630342908278,2.21959572795651429055040307804535322099639031093704982402486303163846704,0.13563017158248710542652131201194354858822425332223035593862823236153296,16.36505876,0.47551775,1.440948808,992.1793792,0.138639685,0.30772854,0.342502043,4.433386643,0.787750553,0.104534661,0.676385661,0.5176192911131435
RBFT,RBFT,z7,2485.54527,1.746594191,2486.941024,1.065778187,2488.081345,1.245485036,22.86107701589024628623763933228163411802441544251662382240612052673686096,0.14241317809760592078840511124244568852568073374682982909607780926313904,160.5264156,1.103702096,3.344550253,8078.330906,0.308287705,0.470441216,0.084686969,10.5798193,0.114884238,0.163179413,0.066439506,0.7661886779728695
RBFT,RBFT,z8,1664.497281,0.979043834,2638.798885,0.778061447,3503.116968,0.725963887,42.49296132163198839036868688568472358569523248333042885456244400487032840,0.10211254867991796169143559481279627425372158580419768568717343512967160,416.1384851,0.296064056,0.897152201,22105.32167,0.086634037,0.294593034,0.066708888,12.44787475,0.082783242,0.306595106,0.03398943,0.8239746675272078
RBFT,RBFT,z9,1571.758684,3.722164067,1572.640047,5.720683643,1573.822932, 12.29309540479309,3.34609124373370618968509133941365062833650046075746705411500274498168896,0.17274752232609895069008784584024991419745818333482394779736359101831104,19.36983639,0.628190315,1.903590826,1135.588768,0.184774896,0.276102084,0.266867561,3.70588828,0.715430269,0.097390169,0.655762962,0.39802628899113573
RBFT,RBFT,z11,2520.760882,3.07430067,2522.723453,1.757237944,2524.302698,1.876672258,15.39118333830066708008419382073255512937348799389705316039200866685144396,0.18614898668074361637411635491602588686940655112138918494008846914855604,82.68206888,0.56918133,1.724782926,4631.104916,0.158663494,0.478496017,0.147356603,10.99517148,0.188801359,0.166730926,0.106965916,0.8064187021769548
RBFT,RBFT,z12,1307.639333,1.925362105,1417.58432,2.367656651,1586.865749,4.700296597,14.3699306441784631748448102691351386364121185436692186245388866755760,0.2868145893334404736390050943176595206340233171792904275565853244240,50.10181204,0.293925925,0.890669218,3144.633652,0.087732088,0.224874389,0.162663946,3.039447467,0.309896117,0.098072473,0.249354287,0.5878953167371093
RBFT,RBFT,z13,65.99018806,0.05702967,66.08747299,0.931412783,69.61120096, 33.84759184733020,3.30942343865464122596109308569531325661944531905578198423485563756978944,0.18706108380267279227430538308482339928147772907435909329681386643021056,17.69167253,0.758827118,2.299049395,1032.396253,0.24249947,0.01027797,0.083799115,0.067251068,1.455726182,0.047477115,1.421945728,0.42292526620256343