Sample ID,Ti,Y,Zr,Nb,In,La,Ce,Pr,Nd,Sm,Eu,Gd,Tb,Dy,Ho,Er,Tm,Yb,Lu,Hf,Ta,Th,Ti_uncert,Y_uncert,Zr_uncert,Nb_uncert,In_uncert,La_uncert,Ce_uncert,Pr_uncert,Nd_uncert,Sm_uncert,Eu_uncert,Gd_uncert,Tb_uncert,Dy_uncert,Ho_uncert,Er_uncert,Tm_uncert,Yb_uncert,Lu_uncert,Hf_uncert,Ta_uncert,Th_uncert
RBCT-B-TOP_z1,-5.042923634,2661.326536,478900.3725,-1.510976595,0,4.719313133,12.94172295,2.242077554,11.86461868,11.40206566,3.816120411,50.56573678,21.02436753,194.5134688,74.93085993,338.0471282,65.72130749,480.3482033,114.0665675,14018.47209,1.041827893,680.0944555,7.699192304,0.00340081,0.000300769,19.90989169,0.000400792,5.375684128,0.946864727,10.12149085,12.58839133,12.16466697,29.35591339,1.094882219,0.69744845,0.239841348,0.106542593,0.078408286,0.179739353,0.062909177,0.051516314,0.001407755,14.05476941,0.28503597
RBCT-B-TOP_z2,222.7931783,-6060.039654,542094.269,36.50503768,0,-17.66045348,-19.80758246,-7.715061897,-34.98878721,-25.83432322,-16.54538451,-19.98974128,-31.38400899,-84.78257307,-69.78154318,-298.3493127,-54.68700741,-277.1465751,-182.0172713,-33076.66984,7.951228384,-4215.326163,7.956827771,1.280021272,0.01881215,122.4274889,0.000635798,26.51759889,6.59529511,140.5602373,117.245639,179.9085914,511.3587784,162.7608708,313.2608379,102.8656727,104.8698843,37.78095865,91.91961269,42.76100434,47.30782365,1.658890573,121.7295672,37.69198922
RBCT2_z6,39.86508049,2120.341528,475470.7185,-1.062821386,0,3.510745621,26.99687804,1.533687672,6.955468707,7.55272536,4.460122129,17.52319274,10.74144711,84.29444826,42.48910419,206.9195035,48.75230989,418.6641656,124.3654639,17967.42958,-0.764914314,1084.578878,4.418279071,0.009646307,9.75526E-05,19.11829384,0.000579827,30.55526858,0.55045087,118.2008133,81.30644247,43.52263581,52.57357409,12.89417137,11.62005136,1.54015408,0.682642957,0.220935378,0.332252113,0.109826075,0.095341464,0.001802306,34.54802037,0.031786515
RBCT2_z9,-30.54363647,1009.237366,485546.7319,3.296364513,0,0.535860272,23.75062518,0.179267883,1.757415651,3.015081357,1.243534747,14.42895808,5.490414427,61.70245265,26.42191675,141.0210286,32.83348312,328.5915232,77.09283222,9966.089359,23.87076248,378.7098207,12.27570227,0.001097735,2.04704E-05,2.96094085,0.000615493,15.09689035,0.043775166,26.20777701,10.6944366,3.007818489,4.817963452,0.428027203,0.324733663,0.083519449,0.028560081,0.024913688,0.032649236,0.007775743,0.012854295,0.000387191,2.819243465,0.002144745
RBCT2_z10,1923.281729,-11828.98995,583324.2093,28.65437221,0,-30.15104189,-29.32426782,-7.406368199,-46.25927766,-32.85126001,-15.65763932,-46.20496774,-16.64944889,-32.73669285,-68.3620244,-353.5111854,-57.76568139,-303.3375011,-130.7168113,-63080.39277,-1343.126926,-8283.419822,11.52373982,54.58105874,0.172455894,48.10232947,0.000320773,25.64044544,10.62086417,152.539359,132.9479632,392.3290512,162.4814109,165.9445411,234.5633255,1054.08773,914.2738334,566.2226693,1227.682907,548.4509352,547.7826778,8.476381098,97.69595094,60.62937384
RBCT2_z14,-4.115585219,1244.149857,485743.8869,4.602909863,0,3.154604235,21.01527817,0.883519845,4.252376887,2.927640134,0.482115213,17.20696131,6.791446505,87.59748185,37.33497884,197.4448232,47.51457452,435.9919902,98.82804158,9404.5144,0.495266479,286.9248103,8.368388178,0.000665689,1.44699E-05,1.052440263,0.000707619,0.428169929,0.029929176,1.493398627,2.109394519,2.748562009,10.93251803,0.472177432,0.217354255,0.023585131,0.023527641,0.00870994,0.01554897,0.00570177,0.006583252,0.000371053,1.186762842,0.003286994
RBCU_z5,-5689.333193,-5673.615697,540478.4283,-688.7323039,0,-24.27910334,-34.49422776,-12.64190221,-44.10242885,-24.76177098,-15.85847706,-17.59262522,-29.37791541,-68.77345774,-63.96767735,-266.672627,-49.55224903,-242.1553518,-170.0081202,-31356.02859,7.640186207,-4057.454005,0.312474868,34.84592554,0.577489624,0.165601026,0.00030785,3.194656269,2.36734944,13.6454944,24.60626101,181.8774444,250.4222392,281.560674,406.3441669,523.7812644,439.2034738,1124.528123,430.2405063,645.360401,1563.465438,39.01805711,124.3922932,6.919351029
RBCU_z7,46.33107109,1180.419214,486898.6258,9.199380316,0,5.725734773,23.71940545,2.140146705,11.34281302,6.849585181,1.187594424,28.08522838,9.697677433,106.5186805,39.71526681,179.0156571,35.27754687,280.1971553,57.0800899,8617.514023,2.643568118,151.0454588,0.662055177,0.000876257,1.84295E-05,0.716320532,0.00052269,0.213120006,0.041479483,0.620040594,0.41136483,0.816113684,3.424685334,0.3047969,0.150420668,0.027551271,0.019207477,0.010004876,0.019581357,0.005982829,0.010713893,0.0002635,0.726502241,0.011862922
RBCU_z8,-562.2728804,-5766.738781,540380.6711,40.45245881,0,-22.19417778,-44.10145388,-7.665417739,-33.93977338,-25.39543254,-16.66894277,-17.80434849,-29.72167497,-72.04828025,-65.74231515,-271.26796,-50.24948216,-252.5769354,-172.4174799,-31838.2603,9.140271445,-4097.471037,2.597993928,19.65335787,1.567346574,188.8519393,0.000346478,5.420523585,1.898374917,39.41176155,91.4145391,166.8983004,151.5607766,231.560219,768.1317968,348.4588396,178.7414648,145.3149064,361.7063012,69.68631223,330.0414197,27.48772003,235.701129,14.06949539
RBCU_z9,201.0961129,-5687.011866,539768.0582,33.9735319,0,-16.94533881,-19.00552532,-7.402660298,-33.57200622,-24.78822871,-16.23001823,-17.61142278,-29.3996146,-68.84694156,-64.03602624,-266.9575643,-49.60519516,-242.4140926,-170.1897723,-31413.34926,8.908606421,-4037.574756,7.818948326,14.04672702,0.250147198,79.93027363,0.000479619,42.08782746,17.05419511,217.7877576,394.4051832,369.5834536,171.4434014,367.7869932,669.0183742,910.9405381,1613.736606,499.7904841,643.1795909,304.8477612,547.782974,15.29366048,388.9412268,355.7764529
RBCU_z10,-153.7238181,-5647.978936,539558.1991,-5.955330033,0,-16.8719829,-18.92325092,-7.370614384,-33.42667392,-24.68092115,-15.90679169,-17.53518342,-29.27234447,-68.54890504,-63.75881603,-265.8019123,-49.39045563,-241.3646886,-169.4530255,-31224.09271,8.699925365,-4020.566525,5.591372563,106.8252798,2.144662228,10.06914903,0.000302417,30.57811998,12.39194855,155.3358107,168.6547594,362.857199,138.8115018,244.4082555,702.7255579,5367.155105,2342.418527,1627.435464,1377.440526,2161.926216,1936.080592,79.57120988,124.7441243,158.5716133
RBCU_z15,350.3714863,-5676.09616,539754.7355,36.53364617,0,-16.94398385,-19.00400563,-7.402068377,-33.56932178,-24.78624663,-16.01454362,-17.61001456,-29.39726379,-68.84143652,-64.03090588,-266.9362182,-49.6012287,-242.394709,-170.1761639,-31402.44466,6.261594191,-4046.281826,11.64087868,38.60409419,0.227684935,102.8074587,0.000307286,134.8182699,56.91992721,781.74393,710.2123344,413.7064066,192.5314354,382.5731004,1680.140472,723.629908,1613.736606,637.2070425,1216.098506,566.2225439,1054.088337,22.28815265,64.76282428,17.47132695
RBCV-A_z4,38.01070519,-7298.86084,549949.3971,46.95340377,0,-20.02597838,-22.460704,-8.748453881,-39.67535133,-30.32072979,-19.52823094,-33.006778,-38.77631307,-140.5950411,-95.25745843,-408.5702221,-75.76595809,-424.9888888,-226.8245089,-38674.05946,10.01022213,-4802.895851,5.897197621,0.177944473,0.005937105,142.5927205,0.000484912,59.39931497,19.50132299,309.921608,168.1034774,76.18852416,135.0773535,49.87319135,75.45984677,16.9739727,11.80685531,4.760835162,14.05480456,6.471167118,7.56264199,0.213008428,231.3165593,6.574074035
RBCV-A_z5,23.71239616,2015.967634,481632.3746,30.07133109,0,2.105915451,37.5031207,1.283663533,7.76504555,9.060320219,1.610276409,33.54679697,13.20883675,143.0364487,59.20174975,293.1857996,62.79715763,540.8730365,120.2376487,11912.90835,8.301911969,720.9603887,4.574766623,0.002086862,6.98539E-05,0.572549877,0.000815896,4.994599701,0.086416841,10.58037352,8.00494055,2.671959013,60.49601053,0.826852757,0.486423879,0.088202195,0.066870802,0.035920105,0.062323405,0.015406206,0.016077625,0.001523059,0.671670237,0.006630809
RBCV-A_z6,37.30118658,1244.901066,485793.3811,14.33467117,0,1.448098633,26.30890773,0.922479525,5.641514132,5.940737398,1.102190624,21.98666617,8.265054911,84.6850998,34.86336878,172.5562295,36.50265241,310.7454381,70.81591788,9477.44286,3.424526336,330.7313758,2.370064714,0.001988833,2.75035E-05,0.732069162,0.000241569,4.648916744,0.112874833,9.392505972,4.841035568,3.917023944,63.04549826,0.829877351,0.590206366,0.148873705,0.039133545,0.014749591,0.056841396,0.022992594,0.026691356,0.000701929,1.917898158,0.018033308
RBCV-A_z7,141.4674254,-5892.525031,541509.2936,34.61969117,0,-20.11784764,-40.70835494,-7.656942881,-34.72521008,-25.63970839,-16.42074501,-18.21637801,-30.40949613,-71.21184518,-66.23567413,-276.7607494,-51.30914166,-252.0155944,-176.0358186,-32746.63081,9.036130012,-4180.330109,6.154604011,12.93882176,0.021148483,107.5217647,0.000275136,4.769879112,2.551229173,255.1909872,339.6515036,165.7813556,204.383241,173.3943642,328.2621689,791.4133756,601.777807,376.822854,740.6277676,216.6400231,310.729349,2.378409696,252.980949,61.11615458
RBCV-A_z10,1335.741559,-11643.68736,581816.5276,46.53646184,0,-29.6851769,-28.87117735,-7.291932098,-45.54452365,-32.34367384,-15.41571249,-45.49105288,-16.39219757,-32.23087686,-67.30575994,-348.0490695,-56.87314146,-298.6506208,-128.6971004,-61940.9433,-1322.374217,-8157.217122,5.998938479,97.99023308,2.499639479,289.2066475,0.000782864,16.29402363,8.677291833,225.8633882,224.2959034,212.341065,163.1671654,179.5508871,431.6067513,1680.141851,740.6277356,653.4785089,1247.212517,1435.833007,1789.050142,56.58088725,164.130938,72.65756104
RBCV-A_z12,1572.261539,-12844.91522,589801.1764,50.41379551,0,-32.15849204,-31.27667152,-7.899482666,-49.33921082,-35.03849013,-16.70012171,-49.28128496,-17.75796577,-41.73363013,-78.40105962,-400.3538007,-66.98211317,-370.2447795,-147.2745152,-67726.23192,-1432.55204,-8857.449409,8.618196744,1.994142571,0.018932153,216.6406735,0.000459042,37.54997412,17.03651695,323.4358501,206.877149,167.9105518,202.5588508,177.3682943,204.9970093,101.5382557,66.65237154,52.69010418,93.23352231,42.95771191,41.77499815,1.661563333,153.0925534,15.58807415
RBCV-A_z13,1391.509294,-11617.68091,581622.1936,33.25136745,0,-29.61887435,-28.80669288,-7.275645394,-45.44279887,-32.27143347,-15.38128112,-45.38944752,-16.3555852,-32.15888842,-67.15543091,-347.2716936,-56.74611394,-297.9835775,-128.4096524,-61784.96271,-1319.420662,-8137.113546,8.361904235,89.61708679,2.468366959,111.4940948,0.000624045,45.72371983,17.98222553,365.8806614,236.5871012,380.2605442,251.8187343,181.7232527,788.394058,1054.088784,942.805486,645.3599875,3227.47209,910.9405465,853.6582317,95.91273247,200.8810516,127.6026534
RBCV-B_z6,290.9585179,-6151.745387,543502.5961,36.3369646,0,-18.16837507,-20.37725632,-7.936950114,-35.99507851,-26.57732852,-17.02123628,-18.88253391,-31.52154294,-79.34569816,-69.51576555,-292.8840508,-54.26704949,-267.7648593,-183.5464539,-34260.87618,5.818140981,-4362.325408,11.89394547,5.785503234,0.071143433,88.55130387,0.000874741,18.78291698,9.596622825,69.4583181,54.25818748,269.6849238,336.7172444,182.0996369,643.1789475,138.5793594,216.3356237,160.9573464,259.6004494,112.7468153,150.2763047,1.716625938,57.25801889,5.218644424
RBCV-B_z10,1646.001118,-11662.62232,581985.3736,35.48879654,0,-29.73345092,-28.91812764,-7.303790234,-45.61858812,-32.3962711,-15.44078151,-45.5650304,-16.41885455,-32.28329069,-67.41521252,-348.6150667,-56.96562853,-299.1362863,-128.9063876,-62044.00189,-1324.524661,-8188.996749,12.08035668,84.59439855,0.885345054,67.23238684,0.000662611,32.29943171,42.54842918,541.3960671,440.8985761,295.2384149,184.0502791,205.2430767,401.4213083,2683.577599,2683.577599,914.273762,1942.231308,2108.177567,686.0929103,79.6315492,34.44443854,19.84494073
RBCV-B_z12,1543.437046,-12264.30644,586348.7587,48.69911455,0,-31.06471298,-30.21288507,-7.630804374,-47.66107879,-33.84675618,-16.13211487,-47.60512312,-17.15397939,-36.05737021,-70.43360805,-364.2236826,-59.51616263,-326.3354774,-135.3677645,-65338.19089,-1383.827883,-8541.891099,8.401946683,4.575776159,0.034100626,517.103007,0.000457405,21.92172517,11.73384378,246.5498714,278.1768459,170.3313926,244.7731732,172.1044833,455.470056,206.5458174,131.7336871,117.0379695,1154.698072,132.8716616,188.8517891,2.020242278,98.90614666,20.91061352
RBCV2_z2,-15.81901404,883.6543293,485390.0581,2.822492025,0,0.298786412,26.42149416,0.094094467,1.254285966,2.312567708,1.093632679,11.51956142,4.206496772,54.57865625,24.81778975,137.706114,34.56754712,361.4237955,89.75769561,10352.49208,13.30992396,253.6105471,7.039000572,0.000640125,1.00257E-05,2.410556841,0.000529237,24.32297558,0.022314325,32.00894739,7.966090306,2.505101269,1.795553969,0.433869964,0.136546639,0.047649863,0.023047966,0.008921345,0.013836646,0.004310965,0.002987441,0.000190806,2.687662992,0.00208192
RBCV2_z3,-20.03109495,1002.676428,484973.4104,3.89945232,0,0.378860361,33.37467323,0.094313896,1.1702114,2.48024347,1.150428634,12.70604372,4.60109837,60.00021362,27.28925345,154.6811814,39.65584079,407.7721976,99.98718406,10516.60815,16.87694752,287.1869134,9.731685848,0.000776308,1.12137E-05,1.699833954,0.000461549,56.58433442,0.014663576,50.9388898,13.38656784,3.110567958,4.21596429,0.394649968,0.312269685,0.043336855,0.014312929,0.009497936,0.014274552,0.004936398,0.005522974,0.000178689,1.662448707,0.002313695
RBCV2_z10,55.94853022,-19348.40381,621234.355,-64.4335445,0,-58.27826573,-132.3496394,-13.83545299,-52.1788011,-30.80238259,-11.88921916,-77.62836844,-44.37148094,-130.7915349,-68.93430583,-174.1034374,-295.7638103,-289.9033254,-191.689961,-89157.11269,135.0905163,-13580.97545,6.335947518,53.40274431,0.518141851,14.25576215,0.000570079,3.820302522,2.051411514,20.17935753,40.78835316,265.9955061,359.9660445,386.0216476,513.6978358,3227.473213,729.5073201,942.8056475,1227.684288,740.6279907,492.9021872,22.36171892,37.51109998,57.56595171
RBCW-1-Bentonite_z1,-576.0138306,-5663.125798,539699.9472,35.87691099,0,-17.1899798,-21.30887862,-9.993804468,-37.37997866,-24.75924425,-15.85685883,-17.59083004,-29.66092712,-68.76643998,-63.96114997,-266.6454153,-49.54719263,-242.1306418,-169.9907723,-31351.1493,3.491355934,-4044.258264,3.663671553,141.2979565,5.162572508,144.4636216,0.000572263,9.300540442,5.025172607,19.55374892,27.50578252,244.7863372,325.5400654,339.881454,433.5469219,1435.833122,7499.398422,1197.629379,1936.07868,942.8052704,989.4332323,107.4486817,36.96478554,25.12231607
RBCW-1-Bentonite_z2,-59.81371733,-5713.771765,540215.5038,36.69985694,0,-22.81494941,-39.96578327,-10.91933043,-38.67780828,-24.98066894,-15.99866849,-17.7481468,-29.62785473,-69.38142594,-64.53316169,-269.0300551,-49.99029872,-244.2960433,-171.5110187,-31751.45405,6.634495628,-4078.137108,4.773220254,130.1245718,0.097359137,115.8702864,0.000388887,4.578976054,3.17855054,22.15482415,40.77431598,224.0670105,557.7727799,228.5427678,821.8388003,1920.725323,2683.576529,1377.440526,1613.734185,609.8031702,5367.155105,4.538846055,107.8780466,26.94951172
RBCW-2-Bentonite_z1,-92.67767337,-5644.745377,539543.6231,28.15664191,0,-36.67465529,-56.09286684,-17.59892086,-65.08670971,-27.76179243,-15.94741692,-17.81989528,-29.33382895,-68.396514,-63.61707383,-265.2110082,-49.28065573,-240.8281109,-169.0763145,-31145.28825,6.626914672,-4019.647308,3.176394726,27.39191101,7.455298195,49.98951591,0.000549252,1.93812869,1.167188938,11.48475237,12.17394573,77.60455638,175.6828721,217.858249,441.8626214,804.9051347,598.8692465,487.1416031,3227.473213,1680.141448,1197.626734,199.1842393,82.78755002,36.55278813
RBCW-2-Bentonite_z2,-301.5286482,-5651.200672,539614.3318,32.43337896,0,-31.84970527,-51.87364916,-11.21462855,-39.91097624,-24.68079109,-15.80661414,-17.53509101,-29.27219022,-68.54854381,-63.75848004,-265.8005116,-49.39019536,-241.3634167,-169.4521325,-31236.22682,8.55329099,-4041.434034,3.246092758,31.78744222,0.36425757,79.53593209,0.000713708,2.723399749,0.772398579,17.97085048,29.81399899,153.6621257,269.7740204,312.4611928,609.8031883,492.9019994,740.6277676,788.3936747,3887.282421,15811.32505,909.5045178,40.75885553,204.9971429,9.198698643
RBCW-2-Bentonite_z3,-446.0669974,22824.1931,338537.2182,-93.85733472,0,45.91532081,51.49763023,20.05834915,90.96716524,91.47160964,48.51861023,232.4015527,142.9886451,932.9586188,429.7875283,1886.869479,361.1005036,2465.700818,797.7928306,117619.0855,-16.53874217,11177.87055,9.703424793,0.015084922,0.000634328,67.23913982,0.000791749,13.96658064,3.86371205,65.26672235,55.66664098,40.6073454,131.4457407,10.22680965,4.150073387,1.585167176,0.933914459,0.767582033,1.307340794,0.360465813,0.82152185,0.014329358,85.65329302,1.817207618
RBCW-Greenbole_z2,-405.6195636,21954.50573,355302.5042,-60.4012812,0,39.86062,62.89064095,17.41332129,85.59727493,87.57878002,43.81935568,273.4029386,141.6155968,1028.266005,460.2298908,1994.95688,378.9306575,2630.518287,777.3441906,102562.131,-12.93739016,9877.773215,11.73670346,0.011734919,0.000467942,41.55474258,0.000341372,14.30138366,3.303231838,86.32669768,42.95676686,35.84159121,70.73503136,3.637758493,6.227821386,0.941981773,0.630364955,0.168991514,0.606639291,0.354660769,0.462138212,0.014142375,78.55604665,0.724779327
RBCW-Greenbole_z4,-394.258833,-5672.69505,539744.313,28.68875224,0,-17.65714671,-24.2638345,-9.39432647,-35.16626137,-24.7610876,-15.94806638,-18.23964887,-29.3674244,-69.87534188,-63.96591196,-266.6652674,-49.55088148,-242.1486688,-170.0034283,-31367.14292,5.765314663,-4055.921756,3.373598793,31.78927223,0.245212524,41.36091864,0.000233699,7.337498457,3.559884995,21.46921179,40.64864864,191.8813826,201.603871,173.6011066,1588.491302,520.5372624,717.2162693,853.6578746,942.8050818,670.7658186,329.4026877,20.74590251,58.12727487,12.82070369
RBCW-Greenbole_z6,354.4942601,-7196.115621,551763.2825,44.50663757,0,-28.02881939,-58.66926644,-13.68493107,-49.9357243,-34.12614868,-20.17412119,-31.93244173,-38.18208753,-111.6009631,-85.94889081,-369.403455,-69.0211679,-355.0428006,-222.7524591,-40457.12152,8.273657473,-5028.322414,5.595677826,0.678067203,0.002616243,145.8819416,0.000474665,5.190735033,2.691598142,13.45749568,34.14204327,114.1097077,121.4086284,101.1680138,129.7637655,43.00086691,45.85980008,9.723973979,29.4390117,13.14911752,14.14699665,0.144227191,156.2639746,1.750621527
RBCW-Greenbole_z9,-285.8271839,-6122.954846,561504.1027,35.59369059,0,-3907.753015,-7938.976599,-837.3538404,-2855.592287,-426.0828533,-33.15109049,-302.7940075,-49.29041874,-139.7093725,-74.55718877,-294.4549508,-52.34532674,-261.1444715,-178.0281599,-32620.3675,8.117969559,-7807.258471,4.039728998,0.634819548,2.22669058,114.6972953,0.001004885,0.013537776,0.006638459,0.047091809,0.102019227,0.591468826,16.99976093,2.541919521,12.57826681,9.439605825,34.91805879,30.77651398,181.1980802,114.0320924,129.0703386,70.60878558,177.3926033,0.01397553
RBCW-Greenbole_z12,-12.82306519,4899.929683,463539.1625,-0.388984149,0,12.04111014,33.49262891,4.745979488,22.82330521,21.41992308,8.352490914,74.67420009,34.78044756,291.5173581,122.1699779,528.3166674,102.3906597,727.5318409,188.2754351,25340.0616,1.014709107,1693.688467,6.244914534,0.008216895,0.000208465,13.62696853,0.000723978,4.232286214,1.037675034,20.38185792,15.89716506,16.39440641,38.84473453,3.620776119,1.699778892,0.387580594,0.242730854,0.121972794,0.258199198,0.061092809,0.171786641,0.004606406,22.4253611,0.300714391
RBCW-Greenbole_z13,-9.326849409,5120.251114,460406.7329,-0.551952096,0,7.932208944,19.39520178,3.465227156,15.715246,21.3504816,10.61981694,72.37427059,33.77236272,275.5493864,119.0730242,522.0219459,101.1211446,732.8269543,190.124124,28032.80998,3.796793985,1957.619795,5.396516705,0.009145279,0.000155679,16.98726014,0.000500476,19.93035354,1.845823699,130.9198661,40.67605687,20.23827777,37.87884216,4.417471465,1.790299152,0.675717502,0.214854037,0.189628351,0.481843331,0.204896005,0.26268093,0.003488465,12.97489041,0.551294691
RBCW-Greenbole_z14,137.6489769,-5949.731037,541612.8965,30.25655405,0,-17.51838769,-19.64824454,-7.65299971,-34.7073273,-25.62650446,-17.31555983,-18.20699695,-30.64238912,-75.78969416,-67.8832472,-286.9984398,-52.42898919,-270.8583339,-179.817132,-32762.34109,3.849885835,-4183.836526,7.314001377,2.269776273,0.022799991,80.40302998,0.000706986,67.66416203,33.54907603,406.6395946,244.0438154,164.8374801,145.7712561,259.1808536,456.433152,214.9543518,140.1554129,101.7052876,164.7012512,67.39805679,75.13238359,2.717331832,57.3577942,40.05076374
RBCW-Greenbole_z15,239.6160222,-5626.804157,539338.7224,41.44564508,0,-16.80975935,-18.85346233,-7.343431698,-33.30339698,-24.58989838,-15.74840263,-17.47051399,-29.16438862,-68.29609798,-63.52367473,-264.8216399,-49.20830456,-240.4745402,-168.8280859,-31093.46203,8.968889835,-4004.435144,8.727929171,81.54244036,13.43035123,248.2351688,0.000445495,54.1845484,33.49837683,510.6328113,394.6580405,321.8827265,260.6801904,406.744096,1247.213,5270.431145,7499.383301,1318.283341,909.5038505,1318.282541,853.6583771,304.1704362,283.6212877,490.7027429
RBCW-Greenbole_z16,1498.959612,-12034.13548,584883.8873,47.85201185,0,-30.52435404,-391.8771443,-7.498069415,-46.83203233,-33.25800464,-15.85150283,-46.77704998,-16.8555924,-33.8355537,-69.20844205,-360.6632798,-58.48090147,-322.8796861,-132.9262848,-63929.18128,-1359.75672,-8395.197941,6.149331357,3.864100178,0.333446503,252.8329852,0.000360195,28.49345375,0.436200389,289.7596252,312.44407,268.4672536,177.4564988,222.164065,328.2628082,339.4094593,282.5001065,143.4134249,816.493334,187.3473135,189.6696468,10.39593257,168.867626,56.98834563
RBCW-Greenbole_z17,1591.002324,-11694.37484,582220.0627,46.73904508,0,-29.81440287,-28.9968598,-7.32367545,-45.74278877,-32.48447282,-15.4828204,-45.68908523,-16.46355634,-32.37118481,-67.59875641,-349.5642021,-57.1207225,-299.9507113,-129.2573467,-62250.63926,-1328.130797,-8189.79627,9.405621695,159.2624152,5.223299545,234.3562866,0.000701765,36.64040291,18.85749312,199.203644,250.6224147,241.7232033,221.253335,170.7053379,268.0776134,1435.832821,1232.511337,927.2279722,1680.139931,1435.832821,2828.414161,131.6665392,121.8778408,185.5924063
RBCW2_z11,-978.2857578,371.7049717,506157.3762,24.744243,0,9.003735203,116.174927,1.306835135,7.380073204,26.79364788,1.551864972,41.00877372,-4.432141846,52.36093558,36.49991678,155.4836408,166.880888,438.7389888,275.9236889,-12499.09316,1005.452022,1261.139979,5.192017661,46.4763082,27.27412226,43.18407122,2.887513333,19.29153674,23.16380005,20.23148286,31.21849465,135.3067272,150,132.2875874,118.5854123,118.5854123,140.5166407,134.3026471,104.3956424,106.5034103,150.00015,50.15656257,18.92679425,57.73501835
RBCW2_z13,-151.5467682,256.5176697,509054.9697,-283.1140965,0,10.07430337,129.9884362,4.267550151,15.35767306,29.97948419,1.736385862,43.85576256,-5.152938835,45.23556925,34.36661992,153.7143224,182.825975,456.2284481,301.9015292,-15251.28631,1123.724215,1340.809739,2.847679565,9.669737151,3.850759647,10.09051864,1.454909304,33.59815578,16.31358016,42.02090612,18.56504845,73.23836081,300,65.7793733,167.7051878,74.23082429,54.66531147,57.61898623,33.33334691,67.76331634,36.07847758,7.699635876,24.67118979,13.69325492
RBCX_z1,-304.4603943,-5823.056993,539991.291,34.88980519,0,-26.88697189,-77.1581213,-14.95120412,-59.27055646,-37.21245486,-22.15739189,-33.43669744,-32.87491674,-94.35990604,-68.06770651,-278.5992578,-50.31158083,-257.0673459,-172.3600311,-31299.20355,7.828842282,-4041.034954,2.478690453,0.832404762,0.391114055,120.6976332,0.00084776,4.607479654,0.946996529,9.716506098,15.23087376,29.4051402,45.30472087,47.77981974,76.49687525,47.40541587,44.0864682,39.66602849,272.1643658,63.24633363,87.11464179,21.41450369,145.2655596,19.69682833
RBCX_z2,-219.590774,-5647.453035,539603.3306,34.95926685,0,-22.40653642,-34.53977112,-12.35777053,-38.25822483,-24.68097383,-15.80673117,-17.59193281,-29.27240696,-68.54905135,-63.75895212,-265.8024797,-49.39056105,-241.3652038,-169.4533872,-31230.3823,6.421818974,-4067.642357,4.025252105,78.82860881,0.302834521,142.9286581,0.00042091,4.035376024,2.623135451,14.36385572,27.03683181,172.0808337,202.9289127,134.8662841,430.2405063,1773.884382,3887.282421,2828.41581,1680.141448,1054.088337,988.2084748,48.09386834,126.1533377,2.912270662
RBCX2_z1,1945.681289,-11974.27792,584418.6709,43.98232303,0,-30.50219692,-30.92294458,-7.492626693,-46.79803775,-33.23386322,-15.83999649,-46.74309531,-16.84335721,-33.11796174,-69.15820481,-357.6283643,-58.43845117,-306.8703305,-132.2392086,-63916.49441,-1358.769695,-8381.282533,18.39522851,51.62126179,0.387130826,121.2731422,0.000388121,17.03402674,5.303976095,130.7691778,224.4912766,128.9472505,219.7966347,168.3249975,884.2760077,2828.414161,626.8317786,350.3978311,490.7019425,379.4035589,839.1327759,10.82787076,49.89169162,79.5092109
RBCX2_z2,1926.235527,-11985.13261,583649.9184,41.07945641,0,-30.1973482,-29.36930436,-7.417742982,-46.33032317,-32.90171335,-15.68168649,-46.27592985,-16.6750193,-39.51603254,-69.71945479,-359.0643189,-57.85439857,-317.0026999,-134.7611185,-63208.78903,-1345.189716,-8303.119428,19.42513813,2.099158431,0.146630135,80.82343962,0.000436613,30.60118289,6.180838989,94.02928113,185.8642412,223.935371,182.1124169,142.8309466,314.3446795,129.0719445,99.44855972,85.49374908,267.0095663,124.9994813,108.592663,5.140277225,90.76682213,28.62659959
RBCX2_z4,884.6353976,-12566.04525,589380.9091,17.25797776,0,-32.03669635,-31.1582156,-7.869564503,-49.15234561,-34.90578685,-16.63687239,-49.09463913,-17.69071001,-34.78405462,-72.63740421,-375.6198722,-61.378363,-322.3083118,-138.8918766,-67714.38228,-1427.126454,-8800.448414,3.572065236,102.8656075,0.033416457,30.89246388,0.000644513,29.10449884,9.141414141,143.0464284,290.204671,301.9460846,305.9201139,157.4652239,311.803191,717.2155806,2161.926411,670.7666421,733.2934224,645.3592732,1247.213764,1.472195873,14.35641597,186.1824216
RBCX2_z5,2013.516392,-12381.68063,587835.6502,13.85194169,0,-31.56563917,-30.70007532,-7.753852983,-48.42962548,-34.3925435,-16.39224922,-48.37276751,-17.43059155,-34.27260119,-71.56936741,-370.0968796,-60.47587549,-317.5691951,-136.8496556,-66519.06848,-1406.14245,-8670.739685,18.64606427,89.70934825,0.04675734,34.16264978,0.000527445,17.29015995,11.5471728,226.187167,178.0078857,196.3837165,88.63196023,126.1578022,480.0529064,4370.02002,804.9041113,548.4505066,816.3896394,1414.206929,762.636441,1.974829001,18.12058891,110.5309714
RBCX2_z7,921.4359566,-19405.56404,621465.8572,29.27059657,0,-35.83181412,-74.47278898,-8.629572399,-52.35554895,-30.90672103,-11.9294921,-77.89132288,-44.38830653,-131.2345716,-69.16781044,-174.6931866,-296.7656657,-290.8853293,-192.3392819,-89485.64064,149.7218234,-13616.15352,40.04667349,91.73448822,0.739877382,164.3943631,0.000527918,10.93272803,1.861502347,63.68052613,75.01851603,293.9639432,373.6396354,444.6005195,670.7664641,2161.929935,1232.511691,3399.328144,2342.416379,1232.511691,988.2078159,10.49921815,517.6358344,637.2067302
RBCY_z1,203.8193174,-5655.332307,539603.7798,18.20065147,0,-16.88721214,-18.9403317,-7.377267355,-33.45684599,-24.703199,-15.8209651,-17.55101128,-29.2987667,-68.61077964,-63.81636694,-266.0418343,-49.43503716,-241.5825527,-169.6059796,-31279.51608,8.035013398,-4026.038905,8.333626771,85.2868347,2.671849723,39.44847392,0.000806196,25.16920093,9.810574331,74.56071765,131.0350802,335.9569247,205.0521378,264.0622804,1054.087493,2683.574485,2161.92421,870.5377221,1339.181097,1124.528428,1063.371228,107.6616431,173.0824684,80.93991651
RBCY_z5,55.2624358,-5653.743114,539666.619,35.86958162,0,-21.90722161,-30.6077793,-12.09078549,-40.79091511,-24.71822306,-15.83058714,-17.5616855,-29.31658571,-68.65250754,-63.85517895,-266.2036364,-49.46510269,-241.7294791,-169.709131,-31285.13527,7.234793979,-4072.40614,6.837081116,88.78654318,1.112281592,100.1271843,0.000501292,6.926162127,2.622613295,13.89049357,16.33772013,208.8181398,297.3758833,234.6038269,686.0928539,1680.139496,942.8052704,914.2750317,1942.230839,1942.230839,1054.088337,45.36241974,88.50105885,4.677225792
RBCY_z6,-73.92743464,-5646.424346,539598.7343,32.79888536,0,-16.87560886,-18.92731772,-7.372198404,-33.43385765,-24.68622532,-15.81009445,-17.5389519,-29.2786354,-68.56363689,-63.77251844,-265.8590358,-49.40107013,-241.4165603,-169.4894426,-31242.87374,6.261425725,-4080.071391,6.967289854,116.1878106,0.527511184,75.45983001,0.00042215,25.35310106,12.29102263,46.19078625,73.82670711,299.4991387,225.2332437,340.4864024,2683.577552,1613.736606,3887.282421,1227.685256,1377.440526,1942.230603,1942.230603,49.47441388,100.7609398,1.532422705
RBCY2_z4,918.5248967,-19351.66187,621157.9943,-80.51227297,0,-32.28684664,-56.77297284,-8.602309298,-52.19014393,-30.80907853,-11.89180368,-77.64524359,-44.24807213,-130.8199668,-68.94929104,-174.1412847,-295.8281045,-289.9663456,-191.7316313,-89181.68019,140.8943214,-13573.15119,14.0659035,49.18505379,1.380868762,21.31588436,0.000395634,13.93058249,5.756377329,43.43352284,79.7096165,157.3805253,356.3104929,198.3272977,1227.685526,480.0538242,564.1293025,942.8047046,740.6271503,609.8031702,285.8256488,50.72461617,70.9511356,339.4172162
RBCY2_z7,937.8532212,-19797.96054,623906.1937,24.28714121,0,-32.9662519,-62.46176754,-11.86479184,-66.99256472,-31.45738743,-12.14204039,-79.27911598,-45.17917492,-133.5727836,-70.40017633,-184.1831261,-302.0531526,-296.0680459,-195.7661993,-91243.05196,142.9839109,-13862.06565,32.17947348,19.77669061,0.317364765,110.2393482,0.000633382,11.17102938,4.527191219,38.97074737,33.5177399,507.6475684,238.3914661,472.1311977,1080.977202,1197.628836,717.2163888,188.6891006,406.3442919,291.7640429,343.0462001,8.062590627,54.41646158,150.8517531
RBCZ_z2,242.0139769,-5638.28974,539434.9914,33.79888946,0,-16.84265322,-18.89035539,-7.35780156,-33.36856613,-24.63801667,-15.77921961,-17.50470085,-29.2359414,-68.42974196,-63.64797988,-265.3398514,-49.30459694,-240.9451085,-169.1584541,-31160.11632,8.859144668,-4012.800411,11.87252083,48.63836166,0.972261253,98.35492328,0.000507421,25.03124081,9.987158297,63.67094129,75.19381582,295.749579,298.6201869,208.8751068,578.3288984,3227.473213,1434.432539,2828.414303,2828.41581,548.4499669,723.629908,132.8711589,309.335691,234.5635711
RBCZ_z4,140.6997627,-5653.145515,539640.1882,16.98601941,0,-16.89308228,-18.94691553,-7.466119876,-33.46847588,-24.71178604,-15.82646461,-17.55711216,-29.30895121,-68.63462934,-63.83855006,-266.1343127,-49.4522212,-241.6665289,-169.6649361,-31288.84536,6.953117967,-4052.566339,8.823620396,62.90401681,0.502050637,57.39011598,0.000643928,24.661316,10.02477125,51.78936317,73.15187624,224.1482259,202.8040264,184.6382517,666.6642667,31622.65011,2828.41581,3227.473213,4370.01462,1080.976659,1435.833122,24.73168406,103.8775749,6.683866311
RBCZ_z7,177.4085294,-6059.945176,542029.9243,43.26770868,0,-17.62889422,-19.77218628,-7.701275072,-34.92626221,-25.78815725,-16.51581789,-18.93864616,-30.99319383,-87.03785038,-71.43660186,-299.3316527,-55.91876661,-287.5862034,-182.0413317,-33013.65709,9.40594133,-4207.378836,8.79879267,1.460244814,0.015801247,345.7039126,0.000916813,22.44099479,6.713580001,110.354873,53.1617992,197.2771542,336.9987883,68.62580205,345.5499038,54.10209083,56.09633011,50.9454322,57.16498035,33.27821969,28.5065568,2.079280919,545.4841669,35.02667475
RBCZ2_z1,1954.331816,-12225.70031,586576.3471,36.92244289,0,-31.16899871,-30.31431117,-7.656421349,-47.82107931,-33.96038136,-16.18627115,-47.76493579,-17.21156612,-33.84194619,-70.67005704,-365.4463989,-59.71596124,-313.578755,-135.1300608,-65576.8256,-1388.473459,-8565.80301,15.2013132,60.91847148,0.041646569,97.6306523,0.000708581,32.00476099,10.29769091,237.1125764,377.3094059,246.5374144,205.4280022,178.9441406,638.1473093,1936.080043,2828.416686,791.4114441,1942.231308,968.275531,839.1295753,2.454183424,27.40912692,84.86229587
RBCZ2_z4,916.3321848,-19310.78148,620689.3049,23.57706893,0,-32.20977115,-51.41159197,-8.581773778,-52.06555509,-30.73553078,-11.86341545,-77.45988808,-44.14244268,-130.5076721,-68.78469459,-173.7255728,-295.1219007,-289.274135,-191.2739276,-88891.77524,142.3850893,-13549.55247,15.33297397,35.87836982,0.35036947,166.9673857,0.000411225,17.3117154,8.741903725,161.4696134,214.9383004,284.2133697,275.5712443,298.6201814,666.6642667,884.2761016,1080.976659,1920.730067,609.8031792,419.9072874,1063.371228,43.38145928,123.5220158,56.56999476
RBCZ2_z6,953.6402688,-20144.22381,626226.252,28.78772441,0,-33.52117859,-53.50479357,-8.93117713,-54.18538252,-31.98691514,-12.34642948,-80.61363523,-45.93968389,-135.8212377,-71.58523484,-180.7987373,-307.1376662,-313.3155753,-199.0902121,-92988.22215,148.6480794,-14096.46397,43.71534313,29.75231606,0.785965115,123.6883128,0.00063209,15.97895857,8.903049842,129.9524719,224.1613695,468.1150213,288.8708223,657.703687,399.3763552,1232.511339,333.3326,424.9162532,1680.140472,181.5186579,346.4369473,15.91584243,90.66407897,146.8490204
RBCZ2_z7,913.0389334,-19228.72162,620233.6734,35.13156188,0,-32.09401087,-69.21642106,-8.550931319,-51.87843413,-30.62506885,-11.82077894,-77.18150118,-43.98379698,-130.0386341,-68.53748589,-173.1012119,-294.0612476,-288.2344985,-190.5864988,-88573.79883,141.6958441,-13492.06985,31.36775451,136.0076449,0.754591767,305.5593541,0.0003032,7.189238056,4.893315887,84.47503377,88.29662463,120.8896624,309.768288,226.8184592,1054.088337,2108.176673,5367.155105,3887.282421,788.3942909,1942.230603,1942.230839,40.14871625,82.29962838,198.5467705
RBEA_z1,2008.2317,-12348.7822,587598.0678,30.62688119,0,-31.48279172,-30.61949964,-7.733502155,-48.30251668,-34.30227654,-16.34922598,-48.24580793,-17.38484307,-34.18264902,-71.38152584,-369.1255202,-60.31714999,-316.7357003,-136.4904788,-66358.97224,-1402.451876,-8649.834871,20.45799532,115.8330753,0.019339241,34.90803654,0.000326648,14.85352246,10.12425347,143.0464327,165.8791765,328.9103165,260.3965828,170.9318256,347.689192,1434.432596,4370.02002,686.0925471,2108.177567,768.1314906,558.5295458,1.521343933,14.90702001,112.1126812
RBEA_z3,-1448.121261,-23841.0658,680811.7723,83.89024617,0,-60.78196999,-59.11526285,-14.9306167,-93.25482139,-66.2253831,-31.56448677,-93.14533716,-33.56389164,-65.99442531,-137.8121038,-712.648881,-116.4507656,-611.5029442,-263.514121,-137647.2044,-2707.63116,-16693.25611,1.198756192,99.04739359,0.001718176,114.7264905,0.000492674,13.37405822,5.131161657,65.75999053,105.153715,172.1150764,191.4719917,251.5387623,377.7031856,910.9405465,638.1477577,314.2683334,853.6573984,1588.492535,2366.319259,0.069006021,102.1367432,227.3415388
RBEB_z3,1911.779833,-11755.69173,582726.8924,46.53759159,0,-29.97072814,-29.14889847,-7.362075533,-45.98263104,-32.65479802,-15.56400117,-45.92864591,-16.54987938,-32.540916,-67.95319564,-351.3970652,-57.42022246,-301.523437,-129.9350792,-62641.95935,-1335.094559,-8230.752803,27.83757328,150.6976496,0.217611873,204.911449,0.000318879,49.64587599,16.79749927,158.9065745,371.9667968,212.600215,221.5199071,94.39030215,478.1437881,723.6295984,909.5032209,853.656809,1613.736931,1936.080827,1435.833007,9.506547819,121.8224121,1171.208311
RBEB_z5,1889.654118,-11619.63888,581611.5538,46.44034698,0,-29.62386612,-28.81154778,-7.276871585,-45.45045751,-32.27687229,-15.38387339,-45.39709717,-16.35834167,-32.16430828,-67.16674886,-347.3302206,-56.75567757,-298.0337978,-128.4312937,-61786.75589,-1319.643029,-8135.49534,28.14546672,116.9714669,4.184532564,343.0466635,0.000617695,23.6621311,7.160882954,233.6503329,286.4228566,305.279223,211.0735424,135.8144019,601.7777893,598.8690048,1680.139931,379.4032141,1942.230564,517.103106,700.7959072,154.667598,133.8898136,768.1311593
RBEB_z7,1415.20157,-11837.95907,583476.2996,21.74016392,0,-87.85563704,-119.9518605,-20.02844641,-74.4350268,-32.85451726,-15.65919179,-46.20954903,-16.65109971,-32.73993874,-68.36880259,-353.5462366,-57.77140894,-303.3675774,-130.7297721,-63028.17754,-1343.260099,-8282.474003,4.54978622,93.68153366,1.914017423,43.91474913,0.000246131,1.355786146,0.700097046,10.97680989,20.57381541,92.04995637,212.7521088,131.5625757,267.0089851,717.2161639,988.2077972,733.2924447,821.8384462,480.0524397,910.9405785,28.43972578,70.12615186,221.8970945
RBEB_z10,1882.85602,-11702.32851,582290.2238,42.15322989,0,-29.82547171,-29.00762512,-7.326394423,-45.75977115,-32.49653294,-15.48856852,-45.70604767,-16.46966856,-32.38320287,-67.62385299,-349.6939806,-57.14192903,-300.0620704,-129.3053345,-62305.73445,-1328.623876,-8191.399715,16.7450502,132.3784958,5.30533696,120.4541042,0.000278405,90.30686591,10.92067326,204.0745008,288.0565851,248.5128055,212.2885246,245.228673,548.4509352,1333.327333,965.8036525,1031.723037,886.9413316,2161.928882,1093.682272,109.3379395,112.3826088,338.4123028
RBEC_z3,2046.105951,-12590.87443,589350.7909,44.92615619,0,-32.07654153,-31.19696818,-7.879352162,-49.21347814,-34.94920043,-16.65756426,-49.15569989,-17.71271257,-34.8273168,-72.72774595,-376.0870441,-61.45470146,-322.7091782,-139.0646214,-67672.19623,-1428.901422,-8812.032822,15.17846101,45.46048447,0.015486841,130.3711526,0.000447933,27.71365281,9.768789471,101.1392114,221.8386319,454.2466511,348.1751434,219.4604624,517.1032136,2342.41584,1080.977232,353.5512019,422.1271877,1588.492535,670.7670892,1.168315238,11.33095861,116.9714941
RBEC_z4,1890.016485,-11621.8671,581634.8028,46.44925257,0,-29.62954691,-28.8170728,-7.278267026,-45.45917327,-32.28306183,-15.38682346,-45.4058027,-16.36147861,-32.17047623,-67.17962902,-347.396826,-56.76656127,-298.0909499,-128.4559222,-61805.75186,-1319.896089,-8137.055435,36.93935884,139.2519154,6.541281119,235.7011501,0.000395947,41.51930705,14.20159285,361.1232416,383.4875502,264.0075888,287.6393905,154.0480613,487.1420593,942.8052288,910.9405465,1080.976088,942.804486,2161.926411,1613.734431,252.8440092,128.5700804,462.7987633
RBEC_z5,1889.220482,-11616.97242,581586.7242,46.42968992,0,-29.61706808,-28.80493615,-7.275201698,-45.4400276,-32.26946544,-15.38034312,-45.38667951,-16.35458778,-32.15692726,-67.15133553,-347.2505157,-56.74265336,-297.9654054,-128.4018215,-61767.01584,-1319.340199,-8133.628418,53.16459846,221.8496069,6.606310828,256.5987793,0.000382586,57.71764003,22.75687005,237.082199,279.753481,248.463394,267.5294691,255.1549936,246.4506274,4370.02002,7499.400002,909.5048745,1613.736931,853.6582317,1232.511337,152.9936366,194.5307833,1358.642343
RBEC_z6,1889.323251,-11617.60435,581618.3608,28.7782977,0,-29.61867917,-28.80650306,-7.275597449,-45.44249941,-32.27122081,-15.38117976,-45.38914842,-16.35547743,-32.1586765,-67.15498838,-347.2694052,-56.74574,-297.9816139,-128.4088062,-61779.76334,-1319.411968,-8134.099955,36.40528221,236.6086467,1.669258328,52.77647019,0.00081783,66.85941682,19.14292719,139.515042,201.507902,157.7573863,207.1238082,113.355588,308.399451,1632.986202,1377.44049,816.493334,2342.418964,988.208434,4370.02002,75.42458711,379.0022796,414.8337451
RBEC_z9,1607.06386,-11635.25009,581744.5147,39.83616244,0,-29.66366636,-28.85025666,-7.286648203,-45.51152108,-32.3202369,-15.40454192,-45.45808906,-16.38031942,-32.20752165,-67.2569887,-347.7968655,-56.83192993,-298.434212,-128.6038437,-61883.22674,-1321.415995,-8146.451429,12.19186805,150.1038155,2.55665391,104.9669013,0.000450605,51.24461779,10.13049931,159.7328414,457.3000349,233.9789869,209.5257479,294.9583832,304.0456844,1377.44049,638.1479759,598.8680081,1613.736931,909.5048745,1232.511337,80.59819544,160.9574757,271.87347
RBED_z2,1894.275242,-11648.05455,581853.5757,45.84992507,0,-29.6963109,-28.88200605,-7.29466708,-45.56160601,-32.35580497,-15.42149445,-45.50811518,-16.39834578,-32.24296568,-67.33100428,-348.1796121,-56.89447285,-298.7626356,-128.7453708,-61973.8359,-1322.870199,-8155.390589,24.53873318,65.42807793,0.725206463,194.2231022,0.000332216,39.90912673,15.1480694,243.4665456,119.5742787,202.6551321,159.4866965,126.5559456,645.3602342,632.7939247,235.7015215,1478.041866,1680.141851,717.2155806,717.2155806,31.17167306,182.987226,540.0597196
RBED_z5,1504.634587,-12003.31358,584361.9699,46.81180683,0,-30.53322446,-29.69597053,-7.500248365,-46.84564179,-33.26766947,-15.8561093,-46.79064346,-16.86049066,-33.1516501,-69.22855413,-357.9921521,-58.49789611,-307.1824861,-132.3737254,-63828.31069,-1360.151867,-8385.229136,6.261858908,104.2631118,2.228442366,198.6047959,0.000293079,28.52350692,11.63679009,197.9737624,224.8866732,200.4170823,152.4803828,173.5225169,791.4125012,542.2194235,740.627351,517.10238,527.3013806,1580.110126,717.9165867,32.95776316,110.5307654,437.0118521
RBED_z6,1907.79741,-11743.45997,582514.9024,46.88623852,0,-29.9082962,-29.08817848,-7.346739613,-45.88684474,-32.58677489,-15.53157984,-45.83297207,-16.51540437,-32.47313011,-67.81164252,-350.6650709,-57.30061055,-300.8953343,-129.6644117,-62464.90086,-1332.313427,-8213.607344,26.27217747,60.33076376,1.95671039,144.8071171,0.000685527,29.18303049,7.267373462,140.3104552,178.8080542,87.5840243,297.3761305,154.1069665,494.1040221,1247.211517,821.8376991,645.3602342,942.8052288,1082.11411,910.9405465,52.56563517,146.9248687,345.7035678
RBEE_z1,2565.453046,-15935.47059,615238.1235,63.04885562,0,-40.21827957,-39.11545099,-9.879306589,-61.70495096,-43.82008304,-20.88562371,-61.63250732,-22.20859208,-50.50607294,-92.87271999,-485.7571272,-79.80913781,-450.8406351,-180.94559,-87209.81962,-1791.588311,-11078.09777,15.26018391,2.605259484,0.003314071,189.6704018,0.000381211,44.84566397,15.64932982,152.4506852,98.57267468,229.8477701,136.0239808,103.6650673,195.9809241,87.11469493,77.81364469,107.0860964,108.3161416,47.0257232,84.46318528,0.220543867,41.36106108,12.84119499
RBEE_z3,1926.138803,-11852.94628,583447.8572,34.71497723,0,-30.19583187,-29.36782961,-7.417370508,-46.32799674,-32.90006122,-15.68089905,-46.27360615,-16.67418198,-32.78532386,-68.46357756,-354.0363334,-57.85149347,-307.8339009,-130.9109937,-63168.62945,-1345.122168,-8293.154837,12.35383231,24.94431056,0.068973247,65.42791148,0.000282387,17.83168502,8.893175747,90.79934042,188.6964141,164.8228341,180.0430217,125.0750868,181.4428533,1132.492245,379.588202,638.1477577,540.4888306,271.8735192,844.5707253,8.676783616,122.2014757,162.9385493
RBEE_z4,1892.519968,-11637.26122,581754.508,39.04435991,0,-29.66879369,-28.85524338,-7.287907691,-45.51938769,-32.32582341,-15.40720457,-45.46594643,-16.38315074,-32.21308868,-67.26861398,-347.8569817,-56.84175325,-298.4857959,-128.6260727,-61888.60737,-1321.6444,-8147.833636,15.08863349,144.8767569,8.581129658,135.050789,0.000723525,27.53196177,11.85583765,126.0206761,245.6506083,296.5496812,151.817497,141.7362768,309.3351687,791.4125012,942.805486,490.7022202,1080.977232,1680.139931,1054.08773,224.5774939,209.9541377,673.5279948
RBEE_z6,1361.204553,-11656.98137,582136.3087,13.88803374,0,-112.4276723,-171.9998773,-12.0955929,-47.20041257,-32.37356982,-15.42996157,-45.53310128,-16.40734925,-32.26066858,-67.36797216,-348.3707791,-56.92571058,-298.9266703,-128.8160581,-61977.61521,-1323.596517,-8159.868281,3.410010605,32.84910928,0.994559216,32.08669147,0.000490519,0.687606522,0.461463165,18.88735787,32.47869644,142.3281555,141.2762507,188.740208,717.915513,989.4336748,2342.41584,523.7803398,1080.976604,626.8312964,10540.88284,113.3932626,174.2295518,433.3899996
RBEE_z15,665.0145604,-19207.08518,620121.5984,-15.401658,0,-32.05715544,-51.16799457,-8.541111784,-51.81885909,-30.58990029,-11.80720445,-77.09286914,-43.93328782,-129.8893032,-68.45878028,-172.9024297,-293.7235598,-287.903502,-190.3676372,-88470.58996,144.3080821,-13476.57611,12.11743886,93.36708237,0.724874075,56.39236708,0.000294663,16.78493845,8.954211469,87.85620158,153.4626192,382.7390375,235.1285498,283.0811182,492.901436,1232.511339,1936.080592,561.3490702,989.4335727,2828.414303,2161.92722,63.4857345,83.33308333,460.7543107
RBEF_z1,1935.69442,-11902.74449,584981.5014,-1049.750717,0,-30.34563406,-29.51352406,-7.454168245,-46.55783095,-33.06327915,-15.75869234,-46.50317052,-16.75690297,-32.94797257,-68.80322687,-355.7927154,-58.138496,-305.2952145,-131.5604461,-63518.95225,-1351.795349,-8333.767288,20.75644831,86.32162431,0.071457895,0.359337414,0.000464186,22.37243619,6.300093835,97.85371691,146.9775171,214.6561525,154.5602182,143.8115832,261.378142,3887.282231,2057.11685,740.6266274,638.1473093,2108.177567,2108.177567,6.387667992,40.35244189,199.6884249
RBEF_z2,1908.106923,-11733.1067,582563.3183,46.89384515,0,-29.9131484,-29.09289762,-7.347931517,-45.89428923,-32.59206164,-15.53409962,-45.84040782,-16.51808376,-32.47839841,-67.822644,-350.7219613,-57.30990676,-300.9441503,-129.685448,-62521.94054,-1332.529576,-8214.939885,10.40023044,34.21695706,5.737645944,132.4187874,1.746154275,12.98519599,10.58867324,22.21697901,32.4706061,35.78778883,27.124803,21.10664018,84.61991907,135.5261854,90.40271829,102.4394632,116.971267,124.5746549,102.1315932,22.87460759,44.09591061,63.24556671
RBEF_z3,1582.198052,-11767.60438,583699.2375,-856.7592227,0,-30.00109905,-29.17843657,-7.369535909,-46.02922764,-32.68788883,-15.57977299,-45.97518781,-16.56665024,-32.57389141,-68.02205617,-351.7531542,-57.47840937,-301.8289864,-130.0667492,-62688.22191,-1336.44748,-8239.093455,7.65847353,32.35510475,5.185489581,7.98715095,2.996057331,14.50104756,9.682429688,19.02657323,34.68179277,36.86432045,52.70465994,45.13376295,63.07186901,100.0000889,114.8670729,103.6425084,81.98497637,72.97572148,90.40262963,19.02926647,40.56628398,86.92282638
RBEF_z4,2071.040569,-12817.29261,590747.7497,50.89812032,0,-32.46743835,-31.57714619,-7.975372916,-49.81321212,-35.37510455,-16.86055961,-49.75472977,-17.92856636,-35.2517356,-73.72475654,-380.6701825,-62.94799937,-346.125323,-145.2862724,-68681.12685,-1446.314553,-8922.155422,9.24022881,18.66481751,2.728159249,47.14045209,1.760760059,13.25978015,13.40606978,22.19170418,18.19509356,48.31061028,50.56998407,20.06709308,63.24556671,90.43792348,39.0740293,65.02746522,57.50167467,37.71247782,29.87619837,11.49229407,63.87389073,49.54410489
RBEF_z5,1724.292814,-11617.23657,581599.9487,35.1148804,0,-29.61774154,-28.80559114,-7.275367128,-45.44106085,-32.27019921,-15.38069285,-45.38771155,-16.35495967,-32.15765847,-67.15286247,-347.2584118,-56.74394362,-297.9721808,-128.4047412,-61768.42034,-1319.370199,-8133.813367,9.064331133,69.2124232,3.939384853,56.28714119,0.000359117,38.05934438,9.370076126,181.0697854,183.5203305,286.3167053,194.3737889,161.8089785,353.5516555,3227.47209,688.7201993,480.0525064,1434.432596,561.3483148,1936.080827,193.1573751,142.9130766,540.4881415
RBEF_z6,1860.936846,-11617.11063,581593.6438,40.50932996,0,-29.61742046,-28.80527886,-7.275288258,-45.44056824,-32.26984938,-15.38052611,-45.38721951,-16.35478237,-32.15730986,-67.15213449,-347.2546472,-56.74332848,-297.9689505,-128.4033492,-61767.75073,-1319.355897,-8133.725191,6.825085563,42.8537956,28.29432092,95.34650453,1.496722446,15.28049762,14.70918762,25.18446985,24.92394947,39.03905276,29.04028069,27.63082928,67.72030293,161.0152972,116.5343165,79.05696349,129.0995525,86.06629658,316.227766,92.17778656,59.7720576,140.5456738
RBEF_z7,441.4501422,-19234.05991,620301.089,34.17384952,0,-46.42973814,-165.026034,-17.71341509,-77.77948738,-30.59875435,-11.81062197,-77.11518322,-44.46020812,-129.9268989,-68.47859527,-172.9524753,-293.8085764,-287.9868339,-190.422738,-88496.19725,145.1157761,-13489.61187,9.373816017,40.63164064,32.55985261,65.8731657,1.029578456,10.55204977,7.709536368,12.56646547,18.85388321,37.97673562,20.04800068,37.65987671,61.27074827,55.80489989,109.0875004,116.5344754,156.3473967,129.0994449,94.2810173,34.31942462,52.7048424,37.00472731
RBEF_z8,753.5125076,-19205.44977,620083.1647,34.85809702,0,-36.28687931,-64.10392027,-8.540582426,-51.81564748,-30.5880044,-11.80647266,-77.08809111,-43.93056494,-129.8812529,-68.45453737,-172.8917136,-293.7053555,-287.8856584,-190.3558386,-88465.10676,141.6090745,-13475.74087,7.993676843,20.29185535,22.44048334,60.36946417,3.325403589,9.521499507,7.068128731,24.22121604,30.42904984,43.66558677,34.96971519,29.33122344,78.56747042,161.0154505,142.9649502,96.28194493,141.4213562,98.60140016,135.5263384,61.00973557,38.87313849,57.37756293
RBFQ_z32,-544.0562919,398.0754296,506341.2817,28.49867566,0,9.089503566,115.0600321,3.850381598,13.85640465,27.04888055,1.566647827,41.39941775,-4.474361829,53.89488177,36.86424606,157.0435794,168.4705728,448.1192135,278.3363253,-12763.66325,1017.851465,1273.830304,5.282941134,40.50253932,29.30245138,65.16835145,2.436391977,64.29531817,66.84032951,37.21393078,36.86202163,109.2351446,228.1035949,112.5000134,299.9999999,150,140.5166238,89.4196843,129.9038106,129.9038106,85.71428571,42.77640012,51.5197471,43.26668358
RBFR_z2,-2212.457961,361.3335029,506366.5318,-118.9568662,0,0.637303542,116.4743926,1.128643166,1.92918526,26.8627142,1.555865233,41.11448254,-4.443566632,52.73900001,35.50534929,149.9399218,167.3110589,439.2449497,273.3349462,-12540.87287,1010.846011,1263.784147,4.287461197,25.78116569,34.72431043,16.43373715,1.447682412,55.65913812,52.37125219,15.09723659,25.24298629,84.5406272,106.0660172,60.12452608,163.4587104,87.94536745,64.9520063,89.37295969,132.2876747,106.0661056,52.48914589,44.83894511,25.34971507,47.43424079
RBFR_z10,1929.290621,5491.4298,945001.1272,-5272.050838,0,188.082991,2426.829229,79.67335976,286.7212728,559.704314,32.41759103,830.3497917,-115.913038,958.0711299,674.5463542,2924.194114,3445.090981,8637.082305,5711.482869,-519402.9548,19408.45101,25781.66443,3.349815061,18.89207482,1.864493077,15.104851,1.868631794,45.18790225,41.75333453,23.68422402,37.02960967,79.71838002,228.1035949,37.5000075,114.2367101,94.8684057,29.9999568,59.4398143,105.0000655,41.4577973,104.0279394,3.658228802,13.54175464,24.84532067
RBFR_z11,9.630549212,1666.257158,486048.6204,3.615074154,0,-0.186415313,-0.112395901,0.149598371,3.01091721,6.49537859,1.377600974,41.2452772,14.62604811,164.5351635,58.90442162,262.9190323,46.43509368,395.1285275,70.88104061,8857.335679,-18.88467225,23.64702424,6.602114239,1.551449175,2.245715556,17.83692484,1.679225565,24.34879951,7.476043047,11.80042435,9.428835889,6.239221224,13.03088254,6.009290462,6.37265454,3.767545751,4.410982864,3.847130643,3.602879804,3.786083085,2.312013414,3.459540669,12.90319884,3.933758057
RBFR_z14,-369.59992,389.4121574,506375.7126,-43.62564689,0,9.021603242,116.4054778,3.821618514,13.75289466,26.84682025,1.554944669,41.09015621,-4.440937493,53.49227673,36.5631668,152.8881666,167.2120655,438.5214285,274.842603,-12523.60064,850.5293745,1265.999833,4.99407112,46.21080529,17.76398154,25.60237234,2.47869703,22.75675934,27.77917225,36.7267322,30.82994437,110.0969139,75,105.0000247,#DIV/0!,130.7669683,107.1428571,42.42640688,150,99.21567414,78.25768665,33.25362458,14.91768984,55.26333102
RBFS_z4,669.4373208,370.6054648,506710.3082,-40.37686083,0,9.175685038,118.3935906,-20.74445139,-62.95654847,27.30534256,1.581501886,41.79194334,-4.516785168,54.40588221,33.02695925,155.8285499,170.0679143,445.3769137,278.4869953,-12949.95177,1027.50215,1280.689348,6.004823523,23.0224615,8.706640312,26.86579401,1.748084132,91.83504033,100.252708,11.79650856,11.20035358,76.47945411,118.5854335,58.57687395,182.483302,163.4588652,50.19953965,73.48476744,79.51298039,85.571521,49.99995555,21.98238495,44.00812802,67.64214859
RBFS_z10,-2995.800947,419.2379253,507243.436,-88.93949874,0,9.459531912,122.0560584,-3.505366107,-11.23207212,27.92176379,1.502639124,42.47113458,-4.656510469,56.08891073,38.79778122,164.4754906,175.3289107,467.4344321,290.1483969,-13567.41099,941.0791092,1322.306371,4.372177684,24.71352277,18.71363267,23.28779783,1.406089659,8.598366554,18.95242018,21.28813078,15.72064971,42.25753674,106.5034047,96.18230912,300,299.9999999,150,75,150,130.7669683,94.8683298,26.10102541,32.02192621,35.35531941
RBFT_z2,-5.219965331,2633.619459,479302.3235,13.79505946,0,-0.239761666,15.64401437,0.020342814,1.081352402,3.834652485,0.290849645,36.03051938,14.31992545,199.1034327,83.68108681,434.9419678,90.37678558,894.4758807,180.3968113,12861.99985,-24.99934525,905.3036163,5.258814578,1.183957784,2.291537419,9.447382116,1.295740746,39.49125016,3.712484734,27.82711059,13.51042625,7.715047031,32.48726754,4.888546237,6.375443752,1.833850422,3.605836833,3.208755713,2.653439852,2.517708123,2.460046024,2.035421933,11.96920977,2.903889174
RBFT_z3,-7.089640694,1403.116984,484221.5495,1.893992742,0,-0.38488251,10.17450803,-0.001409829,2.274716843,3.97096045,1.129738454,25.65045615,9.616576865,111.2084152,45.73835105,234.0163895,44.62245648,465.2777165,89.75543846,10818.41373,-43.09951838,201.0758473,7.896409865,2.247354529,1.964093351,23.38156284,1.47972801,67.98398519,3.28665745,23.62207823,9.760794032,11.45651781,17.27540832,6.206881875,9.408943055,8.648288162,6.111460519,5.611729904,3.535433934,5.092683379,4.368621939,2.093125247,11.69005348,3.159453206
RBFT_z10,141.1730269,410.7521363,506178.5498,-107.3355845,0,8.886348603,114.6602912,3.764323639,13.54670705,26.4443245,1.531632463,40.47412,-4.374357598,52.69030414,36.4468995,154.5093943,164.705171,438.0376506,272.7081277,-12214.2369,806.3109719,1247.928635,5.114179693,70.83304804,27.7554674,17.17574996,1.570724245,13.84541544,24.65893266,29.86307765,42.54204456,185.4282959,300,106.0660172,#DIV/0!,150,299.9999999,212.1320343,#DIV/0!,106.0660172,118.5854123,21.65063269,15.84790565,67.60406298