,,Dates (Ma),,,,,,Composition,,,,,Isotopic Ratios,,,,,,,,,
,,206Pb/,,,,207Pb/,,,,,,,,,,,,,,,,
,,238U,+/-2sigma,207Pb/,+/-2sigma,206Pb,+/-2sigma,Pb*,Pbc,Pb*/,Th/,Th/U,206Pb/,208Pb/,206Pb/,,207Pb/,,207Pb/,,Corr.,
Sample ID,Included?,<Th> a,abs ,235U b,abs ,<Th> a,abs ,(pg) c,(pg) d,Pbc e,U f,(magma) g,204Pb h,206Pb i,238U i,+/-2sigma % ,235U i,+/-2sigma % ,206Pb i,+/-2sigma % ,coef. ,
,Included?,,,,,,,,,,,,,,,,,,,,,
"RBCT2 (N 22.88536ˇ, E 79.82668ˇ, 430m elevation)",,,,,,,,,,,,,,,,,,,,,,
z1      ,,267.0541459,0.22966049,266.9588294,3.052422631,266.1226966,29.12798977,7.900143317,0.447554848,17.65178804,0.53248196,1.613468504,1088.782599,0.168215326,0.042285503,0.087469886,0.300715377,1.300293502,0.051600821,1.268912985,0.383451451,
z2      ,x,65.76468892,0.082835184,65.74151288,1.516837529,64.89803127,55.44094524,2.036919884,0.175716264,11.59209648,0.860353972,2.606772136,666.4852169,0.274948891,0.01024263,0.125160734,0.066887498,2.382773877,0.047383371,2.327689753,0.459524674,
z3      ,x,66.92869386,0.313231639,63.51280085,7.276877679,-63.39944862,282.2939598,0.359604271,0.154530197,2.327080916,0.815905095,2.472052502,150.3180493,0.26072294,0.010425064,0.471606441,0.064548304,11.81940727,0.044926086,11.56825218,0.546750491,
z4      ,,66.09166439,1.300603291,71.18730492,30.40856675,245.9089757,993.8510602,1.022517627,1.839884507,0.555750985,0.903449932,2.737404933,49.23143864,0.288714756,0.010293873,1.984462054,0.072624895,44.23116672,0.051191656,43.14810954,0.561513597,
z5      ,x,66.32432213,0.450339034,67.25008278,10.47522901,100.3097305,372.2832262,0.164680457,0.105605981,1.559385703,0.76876802,2.329180732,107.6760737,0.245670575,0.010330337,0.684605411,0.068473767,16.09804956,0.048095252,15.73592775,0.544216382,
z7      ,x,66.06584578,0.310091027,64.67430422,7.423451873,13.48054176,279.0187438,0.789097826,0.343700977,2.295884735,1.01740402,3.082843952,142.2663748,0.325131566,0.010289827,0.472850811,0.065766745,11.84763875,0.046375732,11.60341729,0.531025871,
z8      ,,66.19285694,0.93373516,61.41473817,22.75841699,-121.1115082,923.6454558,0.311164806,0.437222652,0.711685007,0.764933701,2.31755869,59.41430663,0.244447504,0.010309733,1.423161546,0.062350924,38.18890867,0.043882156,37.43063033,0.54614633,
z11     ,,66.27047327,1.771193348,57.95882315,42.30181739,-273.401692,1872.990275,0.103703096,0.270826793,0.382912985,0.739219544,2.239624829,40.73719037,0.236228831,0.010321898,2.696787315,0.058741297,75.08884715,0.041293003,73.65981345,0.542814639,
z12     ,x,65.63677754,0.191079835,63.11264792,4.601511239,-31.6017814,178.6867771,1.55904214,0.432201621,3.607210303,0.935290176,2.833919338,216.8559009,0.298899419,0.010222584,0.292899099,0.064128859,7.519886527,0.045518223,7.367350674,0.534734924,
z13     ,x,66.05522484,0.277822249,67.57176809,6.523207778,121.5998434,229.9341191,0.451866387,0.184176185,2.453446336,0.740426327,2.243280871,159.7062718,0.236618027,0.010288163,0.423691189,0.068812325,9.978528907,0.048531184,9.757428825,0.537167435,
z15     ,,829.8292234,0.284403668,834.2122621,1.231837456,845.9029571,4.340038931,35.61781929,0.411606526,86.53366031,0.434742035,1.317368136,5350.405888,0.13321159,0.137368538,0.036400386,1.274076296,0.216537486,0.067297765,0.206097679,0.29750879,
,,,,,,,,,,,,,,,,,,,,,,
"RBCU (N 22.85403ˇ, E 79.77509ˇ, 497m elevation)",,,,,,,,,,,,,,,,,,,,,,
z1,x,66.33013991,0.107063442,65.79895362,2.295201159,46.52411718,84.24283089,1.876965986,0.277989364,6.751934538,0.585582952,1.774023022,423.1394356,0.187131145,0.01033125,0.160026832,0.066947854,3.602445158,0.047019485,3.524689106,0.501936194,
z2,x,66.00781794,0.094401953,65.36293344,1.049737279,41.81656508,38.44224992,2.915844466,0.181701216,16.04746808,0.579005136,1.754087839,981.828747,0.18503327,0.010280733,0.140692735,0.066489789,1.658259347,0.046927229,1.606467781,0.402506596,
z3,x,66.28845259,0.111843614,65.08585442,2.307506014,21.08936238,85.893493,1.16322691,0.166342583,6.992959286,0.634679754,1.922805416,432.4442131,0.202821299,0.010324716,0.167877958,0.066198804,3.660167651,0.046522827,3.576632495,0.513981862,
z4      ,,66.02663469,1.282603928,57.23482503,31.54322141,-296.909844,1421.55351,0.373840303,0.73272804,0.510203354,0.790720955,2.395715463,47.73310597,0.252691195,0.010283682,1.959695668,0.057986652,56.67979688,0.040914143,55.64432097,0.540842198,
z6      ,,2159.446089,1.015296073,2346.316375,0.95944899,2513.017861,1.434687322,43.64373314,0.460217457,94.83285012,0.609668911,1.847470588,5254.321218,0.173493403,0.397906789,0.055326949,9.082181745,0.104895368,0.165616231,0.078842853,0.584279258,
z11     ,,64.34169853,0.399934311,57.51364523,9.019844037,-218.3966086,397.8528154,3.167267859,1.808862384,1.750972262,0.676660352,2.05001464,121.4482831,0.216266358,0.01001965,0.626550125,0.058277211,16.13131607,0.042202702,15.81799735,0.514580809,
z12     ,,65.58443477,0.918599461,58.26705726,22.82902193,-233.098423,998.1182234,3.031997439,4.289719772,0.706805479,0.84304765,2.554314189,58.41588637,0.269421601,0.010214382,1.412667343,0.059062742,40.31488997,0.041956145,39.570011,0.539925335,
z13     ,x,65.75693731,0.126668402,64.60547488,2.74724087,22.15686576,102.8646173,1.388505092,0.216632885,6.409484373,1.052406174,3.188955772,361.0227315,0.336324465,0.010241415,0.193398837,0.065694503,4.38904995,0.04654394,4.284676497,0.554666903,
z14     ,,66.05450935,0.836630079,63.8148018,6.051071258,-19.40190026,230.6017315,1.186295921,0.446518419,2.656768168,0.709774528,2.15038381,172.9224522,0.226822648,0.010288051,1.274523131,0.064864975,9.783328606,0.045747906,9.529638442,0.261561141,
z16     ,,65.56859856,0.530799738,59.93646404,12.92502987,-159.6846052,541.4203734,0.561812322,0.465340717,1.207313912,0.68247887,2.067657103,89.3477417,0.218107181,0.0102119,0.81668578,0.060805395,22.20727383,0.043204562,21.77616604,0.541109345,
z17     ,,66.07629046,0.594053744,63.44527864,13.93244769,-34.72096826,537.5942304,0.367710913,0.313002222,1.174786909,0.735095024,2.227123127,86.4085891,0.234913957,0.010291464,0.90694373,0.064477515,22.65299926,0.04545939,22.15142943,0.566903236,
z18     ,,81.69497896,1.478769183,87.04975065,34.50557032,236.4941993,931.6525797,0.135005023,0.23786015,0.567581511,0.723249511,2.191307946,51.31246879,0.23088829,0.012742243,1.827458733,0.089513152,41.36232343,0.050972208,40.37886776,0.553840975,
z19     ,x,65.84297502,0.113136115,65.64278568,1.698374515,58.35130692,62.21311992,1.821250898,0.165054057,11.03426919,1.177712567,3.568864029,591.1218398,0.376367203,0.010254898,0.172339811,0.066783768,2.671831309,0.047253291,2.609014162,0.391325113,
z20     ,,66.62109944,0.873047185,59.94107601,20.54612406,-199.4307851,867.2100808,0.269070862,0.344654108,0.780698258,0.661928679,2.005385678,64.60822392,0.211524197,0.010376852,1.322417244,0.060810214,35.2988989,0.042520991,34.6084065,0.535757708,
z21     ,x,65.90362764,0.096667605,65.06656318,1.963018875,34.38776181,72.92090712,2.120640442,0.260473567,8.141480413,0.666024088,2.017791972,496.4539169,0.212843554,0.010264405,0.145467069,0.066178548,3.114635815,0.046781695,3.0440473,0.501951943,
z22     ,x,65.96404956,0.416130614,64.48996323,9.712159877,10.12267575,365.8972053,0.426442096,0.252563043,1.688458023,0.819534114,2.483046293,113.9767493,0.261900174,0.010273873,0.635948674,0.065573275,15.54326889,0.046311105,15.20623448,0.544629625,
z23     ,,66.17356485,0.535647328,63.61427735,6.840543116,-31.6509375,262.5450593,0.48556915,0.191227699,2.539219757,0.728714815,2.207787026,165.4166704,0.232873457,0.01030671,0.814883364,0.0646547,11.09351947,0.045516886,10.82427542,0.363068496,
z24     ,,106.4881512,0.382844537,140.5594552,6.968662915,762.9261647,108.5572095,1.403173276,0.372756758,3.764313443,1.041316408,3.155400698,217.7125829,0.331920917,0.016644834,0.362863356,0.148469262,5.308873441,0.064721648,5.149511944,0.466489456,
,,,,,,,,,,,,,,,,,,,,,,
"RBCU2 (N 22.85403ˇ, E 79.77509ˇ, 497m elevation)",,,,,,,,,,,,,,,,,,,,,,
z1      ,x,65.7329849,0.25268332,62.9403677,4.76233871,-42.018606,185.1425044,1.890577957,0.558654036,3.38416593,0.68829329,2.0852795,216.320534,0.21996282,0.01023766,0.3867281,0.06394832,7.803361807,0.04532323,7.617894092,0.49848849,
z2      ,x,66.1260522,0.06936751,65.8509206,1.15460674,55.8647926,42.23004281,1.720419799,0.127805357,13.4612495,0.49294767,1.49331865,845.002983,0.15753049,0.01029926,0.09935761,0.06700246,1.81083484,0.04720381,1.7693918,0.436860691,
z3      ,x,65.9438129,0.15991848,65.5859399,3.74934482,52.548308,137.9379181,3.902881371,0.84899622,4.59705388,1.09603308,3.32122053,261.617123,0.35026203,0.0102707,0.24386503,0.06672405,5.903304486,0.04713839,5.778782382,0.525524776,
z4      ,x,66.0505631,0.0894499,66.3945645,1.250477,78.8091033,45.05897674,2.089675348,0.140021192,14.9239934,1.13821781,3.44911777,799.702748,0.3637404,0.01028743,0.13542948,0.0675739,1.9456503,0.04766115,1.89671762,0.389587231,
z5      ,x,65.8546635,0.04313383,65.7063855,0.73934461,60.3097704,27.14579314,4.241287245,0.172868589,24.5347478,1.13069861,3.42632032,1305.26923,0.36134243,0.01025673,0.06400825,0.06685059,1.1620247,0.04729212,1.13836621,0.386355226,
z6      ,,65.7813486,1.05915857,57.0952727,26.37605738,-293.76812,1191.06489,1.866874446,3.197891355,0.58378295,0.64326715,1.9488257,53.207127,0.2055728,0.01024524,1.62541997,0.05784125,47.50756411,0.04096453,46.65000393,0.539931374,
z7      ,x,66.0296357,0.09152778,66.394652,1.88131609,79.568717,68.10917881,1.70716726,0.175091937,9.75011921,1.1494429,3.48315124,527.593122,0.36732814,0.01028415,0.13875558,0.06757399,2.927185832,0.04767641,2.867712735,0.446675462,
z8      ,x,65.8435214,0.03976934,65.8572394,0.49735991,66.3556921,18.0334612,5.31466012,0.1420065,37.4254709,1.20755692,3.65935371,1947.27245,0.38590469,0.01025498,0.05895079,0.0670091,0.77996514,0.04741233,0.75663848,0.416182501,
z9      ,,72.520703,0.06076873,78.0939705,0.60637004,252.151128,18.08539192,4.188959594,0.143251141,29.2420678,0.57511389,1.74233908,1769.46217,0.18370801,0.01130196,0.07948552,0.07994579,0.80670394,0.05132564,0.78483344,0.312520287,
z10     ,x,65.9295556,0.05439887,65.8190449,0.72216111,61.8032811,26.32613138,4.738943115,0.190860415,24.8293661,1.03056811,3.12275143,1351.17884,0.32934155,0.01026847,0.08123127,0.06696897,1.13313689,0.04732171,1.10422436,0.381542576,
z11     ,x,66.2246015,0.07800507,66.3943862,0.68863131,72.5172902,24.70678397,3.255308998,0.116493397,27.9441504,0.5764116,1.74623021,1696.23849,0.18420166,0.01031471,0.11448477,0.06757371,1.07146249,0.04753497,1.03788643,0.337840266,
z12     ,x,65.7610649,0.09824227,64.5084111,2.0107698,18.2790751,75.51232147,1.967737409,0.223100595,8.81995589,1.10810986,3.35783462,483.802092,0.35412596,0.01024206,0.1496464,0.06559263,3.217129764,0.04646866,3.142979681,0.511961759,
z13     ,x,66.1286809,0.36556447,64.6079462,3.93537028,8.63342414,143.3287371,4.5652642,0.795547959,5.73851538,0.72950595,2.21018443,350.159243,0.23312701,0.01029968,0.55628363,0.0656971,6.28699762,0.04628232,5.954288193,0.626358614,
z14     ,x,65.7770787,0.08167301,65.1386297,0.87736505,41.7459758,32.10039692,2.761003315,0.118121043,23.3743561,1.0577017,3.20501008,1265.53334,0.33801631,0.01024457,0.12384296,0.06625422,1.39058527,0.04692586,1.34159904,0.43007258,
,,,,,,,,,,,,,,,,,,,,,,
"RBCV-A (N 22.85269ˇ, E 79.77158ˇ, 547m elevation)",,,,,,,,,,,,,,,,,,,,,,
z1      ,x,65.51719855,0.20199134,64.33191442,4.607113248,20.45637419,173.5358187,0.84640101,0.235193696,3.598740205,0.786290974,2.3822854,223.5515739,0.251284453,0.010203845,0.310137758,0.065407426,7.390735095,0.046511169,7.225899752,0.54631278,
z2      ,,64.93787672,0.363102012,60.29883989,5.345467242,-120.2553928,217.1598235,0.673668169,0.171816744,3.920852829,0.629098244,1.905881082,251.4497231,0.201056652,0.010113064,0.563238419,0.061184049,9.130787974,0.043898482,8.801066459,0.605572526,
z3      ,x,65.66927222,0.152430923,65.90668477,3.098500246,74.53472534,112.9313202,1.396921791,0.282037762,4.95296014,0.561959922,1.702433563,317.0524883,0.179590361,0.010227677,0.232007729,0.067061062,4.855572794,0.047575949,4.750018712,0.473431885,
z8      ,x,65.37366631,0.152114561,63.30528541,3.306931923,-14.21780619,127.472871,1.058683952,0.219301719,4.827522369,0.712021467,2.157188864,298.8472917,0.227551539,0.010181353,0.233330574,0.064330763,5.388318451,0.045846615,5.272888377,0.51063483,
z9      ,x,65.41392405,0.075328309,64.40525812,1.559827298,27.08285811,58.67064492,2.982529688,0.265014828,11.25419927,1.014034072,3.072625767,625.2368183,0.324069415,0.010187661,0.114653421,0.065484386,2.499516078,0.046639872,2.445919211,0.483531609,
z11     ,x,65.53951391,0.1299492,65.18018394,2.930309605,52.00759132,108.2723945,1.189608153,0.200732646,5.926331266,1.032500729,3.128609264,336.5464172,0.329968159,0.010207342,0.199090611,0.066297859,4.641545706,0.047128035,4.535412868,0.547872282,
,,,,,,,,,,,,,,,,,,,,,,
"RBCV-B (N 22.85269ˇ, E 79.77158ˇ, 547m elevation)",,,,,,,,,,,,,,,,,,,,,,
z1      ,x,65.34207883,0.121514056,64.02015951,2.41123729,14.87593638,91.37292699,2.285814905,0.325496055,7.022557933,0.92638,2.806908443,405.1542241,0.296058031,0.010176402,0.186354716,0.065080363,3.886354873,0.046403395,3.800661094,0.478012023,
z2      ,x,65.48806316,0.055663664,65.63306925,0.990433886,70.92298597,36.27283711,3.314284956,0.213780443,15.50321866,0.532863895,1.614264972,960.0729418,0.170294053,0.01019928,0.078715183,0.06677356,1.55834386,0.047503878,1.523971789,0.452758425,
z3      ,x,65.58076225,0.128361429,65.76456029,1.95771463,72.45720257,70.9774264,1.325892296,0.139262781,9.520794301,1.035998224,3.139212412,528.8333627,0.331084946,0.010213806,0.196360344,0.066911715,3.074296853,0.047534467,2.984436648,0.481993718,
z4      ,,64.61591326,0.974801949,47.23956654,21.87644709,-766.3417871,1311.759778,0.712845546,0.980496061,0.727025405,0.589045532,1.784503181,62.5537175,0.188260273,0.010062616,1.52308547,0.047623103,47.39518835,0.034340046,46.56398994,0.557008389,
z5      ,x,65.53241602,0.097565707,65.31418237,1.176027481,57.32583019,43.31776833,4.086840441,0.261016731,15.65738882,0.676525088,2.04961335,934.8157879,0.216205014,0.01020623,0.147527847,0.066438586,1.859101195,0.047233386,1.815788064,0.327906467,
z7      ,x,65.42724153,0.161317854,63.1337499,3.462546286,-22.97943706,133.9246111,1.047012777,0.212893463,4.918012793,0.897235225,2.718563447,291.358233,0.286742056,0.010189748,0.247737656,0.064150974,5.656732863,0.045680818,5.530761659,0.524341701,
z8      ,,65.44361805,0.086097742,63.72096614,1.43363266,-0.515161763,54.58842521,1.443444691,0.126138612,11.44332153,0.713142149,2.160585792,682.6117494,0.227908575,0.010192315,0.130131938,0.064766572,2.321194193,0.04610756,2.263621758,0.463195747,
z9      ,,67.6869067,0.415368191,62.05255368,9.918044326,-150.2754717,400.7815956,1.164277096,0.707546775,1.645512547,0.722685627,2.189524209,114.0434504,0.230922497,0.010543917,0.618836922,0.063018452,16.47666104,0.043367044,16.14948598,0.542171317,
z11     ,x,65.78269782,0.127657054,65.56765784,2.79009199,57.72672641,102.4525325,0.689417492,0.112361826,6.135691437,0.971213964,2.9428184,352.5371509,0.310376755,0.010245452,0.194730549,0.06670484,4.394156612,0.047240959,4.296171482,0.519117762,
z13     ,x,65.50057052,0.088932965,64.67096129,2.025480499,34.07776293,75.83785417,4.552598849,0.552044678,8.246794204,0.958166812,2.903266021,468.987799,0.306213242,0.010201239,0.135559276,0.065763236,3.232776747,0.046775963,3.165906648,0.507957983,
,,,,,,,,,,,,,,,,,,,,,,
"RBCV2 N 22.85269ˇ, E 79.77158ˇ, 547m elevation)",,,,,,,,,,,,,,,,,,,,,,
z1      ,,65.80187639,0.755988148,60.44102507,18.46184912,-147.1109589,765.0391196,0.38049649,0.424937702,0.895417111,0.895628253,2.713694278,68.34807055,0.28622098,0.010248458,1.158507179,0.061332659,31.46335457,0.043423593,30.84725393,0.544994901,
z4      ,x,65.51013396,0.070415604,65.83033161,1.318296933,77.48457606,48.08057154,4.306815039,0.33601807,12.81721259,0.961485727,2.913327006,717.609749,0.307273703,0.010202738,0.106643896,0.066980826,2.068185303,0.04763501,2.023393719,0.438870476,
z5      ,x,65.64811504,0.119060769,65.4251563,2.681462855,57.27793425,98.7733527,2.779234807,0.448752625,6.193244681,0.916847547,2.778014292,360.0734645,0.293005302,0.010224361,0.181772964,0.066555146,4.231979435,0.047232175,4.141503363,0.513216958,
z6      ,x,65.55071932,0.148040088,64.93511709,3.251629094,42.30640591,120.9681024,1.528133832,0.302733894,5.047779139,0.873532349,2.646716327,299.9016245,0.279164571,0.010209098,0.226742203,0.066040535,5.169329642,0.046937039,5.05787612,0.507728692,
z7      ,,65.5984749,0.572037247,65.95535582,13.34919946,78.92190991,484.6600315,0.501663584,0.351210288,1.428385219,1.287883511,3.902921813,90.87333472,0.411582106,0.010216581,0.878616159,0.067112211,20.90421442,0.047663777,20.40570586,0.581600787,
z8      ,x,65.49985109,0.033466703,65.56426919,0.183996908,67.91597801,6.72445318,13.6193391,0.160517396,84.84649924,0.4558672,1.38096008,5278.627706,0.145687119,0.010201128,0.032742374,0.06670128,0.289793915,0.047443691,0.277820948,0.359424959,
z9      ,,65.78461314,0.124870835,63.65417526,1.924482228,-15.73753894,73.46999652,4.602775603,0.423548001,10.86718765,1.169742582,3.544699055,584.0420631,0.373821721,0.010245752,0.190457132,0.064696535,3.119096533,0.04581732,3.038298313,0.448387721,
z11     ,x,66.09464995,0.261254783,65.33224626,6.088843732,37.49530582,225.4102836,0.497442066,0.183872765,2.705360233,0.807051367,2.445212225,171.84017,0.257908685,0.010294341,0.39808859,0.066457558,9.62285881,0.046842309,9.416304392,0.533844576,
,,,,,,,,,,,,,,,,,,,,,,
"RBCW-Greenbole (N 23.19889ˇ, E 80.50556ˇ, 605m elevation)",,,,,,,,,,,,,,,,,,,,,,
z1      ,x,65.80389273,0.193432915,64.53061809,3.85919356,17.56046719,144.6951936,0.807102681,0.184209407,4.381441172,0.793972348,2.405568762,267.6686478,0.253734192,0.010248774,0.295530505,0.06561594,6.172456035,0.046454897,6.021644155,0.527722041,
z3      ,x,65.64029769,0.435326536,62.31535599,8.147418628,-63.62209089,320.3741109,0.318095628,0.150068665,2.119667204,0.750710217,2.274446328,140.5350972,0.239911413,0.010223136,0.668379731,0.063293619,13.47979853,0.044923112,13.12786285,0.544409546,
z5      ,,66.72213366,1.742584117,50.73584843,42.12554313,-652.5519989,2302.726082,0.186926362,0.483316784,0.386757441,0.786883932,2.384090145,40.78919041,0.25145282,0.010392688,2.634578279,0.051236616,85.12079026,0.035772279,83.75876349,0.528317962,
z7      ,,65.28037561,0.672016456,49.7369527,15.62095177,-648.2195933,868.6792671,0.357851089,0.345456678,1.035878337,0.740494414,2.243482014,78.75994366,0.236652623,0.010166734,1.03834717,0.050202957,32.18262905,0.035829596,31.62572087,0.547816578,
z8      ,,1666.115057,311.8371929,2201.528819,467.2034284,2745.5631,727.7106445,0.048932211,0.411327528,0.118961674,-0.021114611,-0.063982539,26.01416384,-0.006177983,0.294917966,21.22705495,7.742320497,51.95551917,0.190486399,44.30474731,0.538168612,
z10     ,,528.1479164,0.543083015,526.5210554,6.286003525,519.4735312,32.67850907,5.734507181,0.362639346,15.8132515,1.450345658,4.395058326,792.1260273,0.451746004,0.085367353,0.107108974,0.679580839,1.530046028,0.057762153,1.488537911,0.41402415,
z11     ,x,65.76358279,0.455435907,60.87316927,11.16443826,-127.4981461,457.7794843,1.58341278,1.086240766,1.457699646,0.865363855,2.621957671,100.1772584,0.276549961,0.010242457,0.698180528,0.061784455,18.89574888,0.043769254,18.52876401,0.538960202,
,,,,,,,,,,,,,,,,,,,,,,
"RBCW2 (N 23.19889ˇ, E 80.50556ˇ, 605m elevation)",,,,,,,,,,,,,,,,,,,,,,
z1      ,x,65.60696757,0.348102281,60.75557744,8.174097587,-126.4992838,335.3339232,0.701176322,0.326116598,2.150078612,1.103558033,3.34403417,132.3256738,0.352675101,0.010217912,0.534530951,0.061661496,13.86059629,0.043786918,13.57575029,0.546625696,
z2      ,,1498.89862,1.150093876,1501.968631,1.325656632,1506.302412,2.248574574,93.98254317,0.23466979,400.4884621,0.506394762,1.534512572,23837.18352,0.149555759,0.261760119,0.085988258,3.389493331,0.169075526,0.093955841,0.114534407,0.75025306,
z3      ,x,65.8866797,0.09852187,66.24057875,2.147951808,79.04278501,77.78593672,1.288869767,0.160606837,8.024999378,0.977549071,2.962023246,454.5787098,0.312399033,0.010261748,0.149591061,0.067412007,3.349572999,0.047665967,3.274803472,0.515532423,
z4      ,x,65.90668852,0.094411375,66.21824488,1.995755499,77.49056934,72.35206226,1.461666319,0.1766563,8.274068452,0.840115918,2.545429807,483.2359719,0.268478619,0.010264884,0.142826628,0.067388529,3.113249856,0.047634809,3.045030084,0.494168128,
z5      ,x,65.82343458,0.071751134,66.23297209,1.358621366,81.05302453,49.07981229,2.441455109,0.19120447,12.76881816,0.967139113,2.930465982,714.0030509,0.309073649,0.010251836,0.108246557,0.067404011,2.118905653,0.047706392,2.06683705,0.498368516,
z6      ,x,65.62927847,0.140913679,64.27838651,3.229717321,14.26514185,121.9376536,1.05939099,0.201135507,5.267051084,0.964863452,2.923566742,305.87034,0.308350591,0.010221409,0.215655665,0.065351263,5.185294691,0.04639121,5.071554581,0.541957561,
z7      ,x,65.86539227,0.079227494,65.97546606,1.665751667,69.96944793,60.74227619,2.297868648,0.24090233,9.538590363,0.713940588,2.163008527,571.3763391,0.228157003,0.010258412,0.118654977,0.067133346,2.607718696,0.047484365,2.552635216,0.480387735,
z8      ,x,66.13497908,0.040461407,66.16990314,0.645343411,67.43296349,23.46803749,8.077894538,0.320528622,25.20178848,0.797082805,2.41499837,1449.150625,0.254722324,0.010300662,0.057391255,0.067337713,1.007405838,0.047433558,0.985114571,0.403539413,
z9      ,x,65.88919611,0.112699977,65.62029472,2.303043579,55.82553203,84.4849258,1.127822607,0.147129891,7.665489328,1.093052286,3.312183364,424.0987775,0.349310779,0.010262142,0.171550557,0.066760139,3.624280434,0.047203229,3.541470995,0.500021603,
z10     ,,64.91308198,0.784231229,60.2873146,19.17966429,-119.7942833,792.4836137,0.524538097,0.608220686,0.862414103,0.954510129,2.8921787,65.82225995,0.305057213,0.010109178,1.218025352,0.061172004,32.76756457,0.043906552,32.1244616,0.541379686,
z12     ,x,65.66546538,0.40076873,62.27585102,9.737030815,-66.15805343,385.7043057,0.66414821,0.401412769,1.654526866,0.817197914,2.475963501,112.21608,0.261159039,0.01022708,0.615256522,0.063252251,16.11970024,0.044876275,15.79764697,0.537247784,
,,,,,,,,,,,,,,,,,,,,,,
"RBCX2 (N 22.70750ˇ, E 79.69407ˇ, 609m elevation)",,,,,,,,,,,,,,,,,,,,,,
z3      ,,967.5379094,0.370926773,968.3543764,0.773907921,970.2079107,2.3603565,33.03426716,0.161352572,204.7334403,0.671107098,2.033629943,11885.30466,0.204096928,0.161926687,0.041254293,1.595252482,0.12399654,0.071483117,0.111065125,0.361100194,
z6      ,,940.4663434,0.573814838,942.2467291,1.487588961,946.4103303,4.846225504,16.4921444,0.236750055,69.66057257,0.18586978,0.563225763,4592.190404,0.056610431,0.157057387,0.065273892,1.52937362,0.242299449,0.070655782,0.234357171,0.221270735,
,,,,,,,,,,,,,,,,,,,,,,
"RBCY (N 22.53154ˇ, E 79.58561ˇ, 600m elevation)",,,,,,,,,,,,,,,,,,,,,,
z2      ,x,65.7083212,0.45637324,66.2002956,5.91668328,84.0184892,213.2987366,0.346245026,0.115551011,2.99646902,0.84951759,2.57392575,186.452195,0.27148692,0.0102338,0.69908019,0.06736966,9.23206608,0.04776631,8.988541279,0.38153482,
z3      ,,65.6242564,1.41614005,61.8236389,31.07767338,-82.98487,1240.426927,0.648589206,1.225130257,0.52940428,0.85179587,2.58083091,48.2941506,0.2722166,0.01022062,2.17545429,0.06277882,51.81414045,0.04456869,50.64135402,0.553986561,
z4      ,x,66.1051967,0.2373128,64.4752344,5.49196698,4.38366029,207.3286849,0.935314639,0.300808947,3.10933118,1.01798864,3.08461638,186.087985,0.32531751,0.01029599,0.36144124,0.06555782,8.791248111,0.04620088,8.607180316,0.524318396,
z7      ,,869.673286,1.44159487,876.657735,2.94019166,894.337666,9.61978985,18.64094995,0.464575798,40.1246686,0.51111972,1.54881575,2440.74201,0.15627499,0.14442024,0.17719136,1.37115308,0.50074818,0.06888933,0.46485783,0.366211334,
,,,,,,,,,,,,,,,,,,,,,,
"RBCY2 (N 22.53154ˇ, E 79.58561ˇ, 600m elevation)",,,,,,,,,,,,,,,,,,,,,,
z1      ,,65.67624887,0.493748857,63.60314865,11.28150515,-13.73197712,433.0350119,0.54210938,0.368314178,1.471866718,0.894265515,2.709562897,100.2650496,0.285787993,0.01022877,0.757744743,0.064643031,18.29866635,0.045855431,17.915278,0.521326553,
z2      ,,1628.805903,0.439137394,1629.457576,0.46909247,1630.298991,0.850740482,90.00166127,0.145946434,616.675987,0.542443179,1.643751641,36228.29393,0.159046237,0.287445101,0.030488391,3.976721267,0.057815824,0.10038359,0.032349228,0.617933964,
z3      ,,1449.405695,0.665145749,1451.183509,1.034672787,1453.788261,2.311806472,23.41226867,0.17684717,132.3870136,0.801886485,2.429943782,7382.487439,0.237477008,0.252109848,0.051237657,3.175349549,0.133990626,0.09138906,0.117121446,0.423436413,
z5      ,x,65.55969873,0.093740047,64.81694101,1.988195333,37.47860664,74.17836223,1.497017724,0.182498253,8.202915378,0.764621836,2.316609368,488.1950813,0.244358651,0.010210505,0.142234623,0.06591647,3.166345998,0.046842405,3.098458501,0.493473383,
z6      ,x,65.58870261,0.267301391,64.12445018,6.31434471,9.809493432,239.4281228,0.931876059,0.348023488,2.67762404,0.992703541,3.007962395,163.6794261,0.317248617,0.01021505,0.41044187,0.065189763,10.16122239,0.046305373,9.949991419,0.529364586,
z8      ,x,65.73547024,0.085075468,64.67728678,1.128557726,25.69580434,42.07396257,2.605837833,0.164073687,15.88211906,0.84634849,2.56432012,909.823206,0.27047362,0.010238051,0.128580412,0.065769876,1.801068737,0.046612481,1.753279897,0.400168692,
z9      ,x,65.70581831,0.28137598,62.2391114,5.742400399,-69.15140898,227.0461831,0.543514713,0.17894211,3.037377357,0.896274684,2.715653258,187.1972147,0.286429487,0.010233404,0.431187399,0.06321378,9.512012204,0.044821266,9.29400693,0.522336786,
z10     ,x,65.5175223,0.406039312,62.96368433,9.748242487,-33.07970752,379.3984109,1.096642808,0.604992488,1.812655249,1.206541669,3.656275828,112.1396454,0.38558904,0.010203895,0.624353494,0.063972755,15.96731398,0.045490589,15.63901653,0.539912713,
z11     ,x,66.19572507,0.333455088,63.3843223,7.495983673,-41.53579296,290.2611865,0.499273886,0.233982125,2.133812085,0.709387468,2.14921172,142.5947197,0.226696717,0.010310183,0.507581469,0.064413613,12.19920358,0.045331886,11.94447478,0.517327942,
,,,,,,,,,,,,,,,,,,,,,,
"RBCZ (N 22.53154ˇ, E 79.58561ˇ, 596m elevation)",,,,,,,,,,,,,,,,,,,,,,
z1      ,x,65.8895176,0.29321831,64.713063,3.31570254,21.4198576,122.4179978,0.788366069,0.115490663,6.82623207,1.63235661,4.94764385,339.916848,0.52165834,0.01026219,0.44779516,0.06580743,5.288706645,0.04652955,5.098655112,0.458900401,
z3      ,,66.2288657,0.53435352,60.826292,9.61851785,-147.00084,395.2298577,0.330048419,0.190581192,1.73179953,0.77727049,2.35494987,117.67593,0.24838932,0.01031538,0.81284171,0.06173544,16.29146102,0.04342537,15.93605384,0.457377614,
z5      ,,65.6052198,0.15128516,62.0057774,3.55107312,-74.850691,141.48239,0.889642161,0.202721365,4.38849729,0.66415544,2.0121268,276.714618,0.21225082,0.01021764,0.23114199,0.06296948,5.903646952,0.0447171,5.784792197,0.528216128,
z6      ,,66.1516048,0.63550881,60.1118651,15.52703234,-174.34252,650.5389275,0.462886199,0.45114822,1.02601801,0.73775454,2.23518397,77.8959994,0.23576263,0.01030327,0.96913317,0.06098866,26.60236244,0.04295049,26.0903544,0.541425781,
,,,,,,,,,,,,,,,,,,,,,,
"RBCZ2 (N 22.53154ˇ, E 79.58561ˇ, 596m elevation)",,,,,,,,,,,,,,,,,,,,,,
z2      ,x,66.01687567,0.05485013,66.01840484,0.977013393,66.07382892,35.60122275,2.896941637,0.163541913,17.71375662,0.998444428,3.025367341,976.4183045,0.319073742,0.010282152,0.081741344,0.067178475,1.528542522,0.047406578,1.494823731,0.430503577,
z3      ,x,65.88966388,0.131615535,65.62530384,2.415190462,55.99651886,88.51996275,1.496685484,0.218606965,6.846467524,0.793930423,2.405442227,407.5867958,0.253719267,0.010262216,0.2000462,0.066765401,3.800484211,0.047206609,3.710544351,0.4699053,
z5      ,x,65.86332024,0.210321264,64.47074582,4.847471751,13.07721354,182.6692214,1.081735582,0.31940116,3.386761595,0.837291846,2.536869666,209.0890977,0.267576932,0.010258087,0.321332661,0.065553107,7.760097766,0.046368109,7.595710504,0.526655294,
z8      ,,66.87574238,0.125278748,68.54092418,2.382390264,127.0498071,82.52046186,1.000805539,0.133552475,7.493725122,0.888580367,2.692336199,434.1726191,0.283947413,0.010416764,0.187763585,0.069832965,3.594499987,0.048642975,3.505272762,0.494654685,
z9      ,,65.88536927,0.633651529,63.48961427,15.25827426,-25.92271448,588.3375918,0.507705667,0.509309464,0.996851038,0.564635095,1.710541613,78.70500422,0.180442559,0.010261543,0.970921914,0.064523995,24.79189419,0.045624808,24.28189193,0.539433154,
,,,,,,,,,,,,,,,,,,,,,,
"RBEA (N 21.80201ˇ, E 78.83678ˇ, 592m elevation)",,,,,,,,,,,,,,,,,,,,,,
z2      ,,938.7026819,9.858082667,939.6450289,102.7224261,941.8547754,332.279005,29.3035404,27.56989784,1.062881719,0.883384273,2.676900688,77.22047001,0.269078635,0.15674087,1.128728118,1.522900941,16.75960971,0.070498826,16.21598922,0.507457526,
z4      ,,1158.122365,0.358733728,1157.98345,0.711968961,1157.723509,1.938465529,43.66577929,0.248522017,175.7018547,0.426258022,1.291669205,10788.57669,0.128284797,0.196791543,0.033771929,2.12814445,0.103066338,0.078467019,0.092186319,0.318557205,
,,,,,,,,,,,,,,,,,,,,,,
"RBEB (N 22.14392ˇ, E 78.88700ˇ, 789m elevation)",,,,,,,,,,,,,,,,,,,,,,
z4      ,,2330.807488,0.563763526,2415.511285,0.594879384,2487.684549,0.914043673,133.4107205,0.759537775,175.6472487,0.738157416,2.236831463,9487.614548,0.208017456,0.435565168,0.028818355,9.79319981,0.064569082,0.163141314,0.043516689,0.553183921,
z6      ,x,66.14485171,0.184695743,64.95049861,4.022390005,21.16290035,150.005504,0.952193311,0.238552591,3.991544619,0.62773723,1.901765388,255.2342189,0.200604715,0.01030221,0.280390977,0.066056684,6.393192726,0.046524194,6.246632904,0.538343573,
z8      ,x,66.1441318,0.054322277,66.03298467,0.950752721,62.00728049,34.64253081,2.593590133,0.13414104,19.33479971,1.100415845,3.334508384,1039.610353,0.351657722,0.010302096,0.081095082,0.067193798,1.487139701,0.047325596,1.45347639,0.433334456,
z9      ,x,66.16590259,0.08360263,65.62805846,1.629580957,46.06109024,59.81867522,1.275474491,0.129461806,9.852129575,0.555253328,1.682114513,613.609885,0.177440918,0.010305509,0.123353172,0.066768295,2.564164258,0.047010332,2.502314417,0.517755182,
z11     ,,925.3380765,3.580165201,922.6861676,21.17338347,916.3519903,69.02583519,3.927498734,0.715502976,5.489143816,1.09011297,3.303366241,307.8606932,0.332290794,0.154345193,0.415379307,1.481113552,3.49316128,0.06962861,3.355182095,0.384711101,
z12     ,x,66.19113668,0.126527636,65.83315777,2.771126083,52.84092767,101.5491676,1.108798478,0.184249428,6.01792086,0.780115035,2.3635711,361.7011715,0.249298987,0.010309463,0.191391088,0.066983796,4.347248292,0.047143973,4.254221925,0.502236854,
,,,,,,,,,,,,,,,,,,,,,,
"RBEC (N 22.21300ˇ, E 78.83772ˇ, 665m elevation)",,,,,,,,,,,,,,,,,,,,,,
z1      ,x,67.25206816,0.2985999,67.50742992,6.746030702,76.56657587,239.863406,0.522064599,0.21723387,2.403237579,0.677028959,2.05115231,159.1538711,0.216340138,0.010475753,0.447307562,0.068744604,10.32889168,0.047615226,10.0936044,0.541556612,
z2      ,,948.6516175,12.47407138,948.0868156,10.29242456,946.7756725,17.75303813,2.315275666,0.097733356,23.68971815,1.43352883,4.344061869,1179.348981,0.436415068,0.158527497,1.414154039,1.543963506,1.67017365,0.070668343,0.866451421,0.854726221,
z7      ,,508.9850571,0.529582184,508.236189,6.341102147,504.8680492,34.0305845,6.922565377,0.371637029,18.6272218,2.423910208,7.345716446,776.3446783,0.755769862,0.082145704,0.108222489,0.6496059,1.585860855,0.057379609,1.546302466,0.392039463,
z8      ,x,66.26362329,0.423699131,63.36778962,9.884274108,-44.69417476,382.6688226,0.908527912,0.537487628,1.690323394,0.779928043,2.363004808,115.1002616,0.249237971,0.010320824,0.644786196,0.064396283,16.09005103,0.045272962,15.73798015,0.560039767,
,,,,,,,,,,,,,,,,,,,,,,
"RBED (N 22.34345ˇ, E 78.65796ˇ, 912m elevation)",,,,,,,,,,,,,,,,,,,,,,
z1      ,,67.2520682,0.2985999,67.5074299,6.7460307,76.5665759,239.863406,0.522064599,0.21723387,2.40323758,0.67702896,2.05115231,159.153871,0.21634014,0.01047575,0.44730756,0.0687446,10.32889168,0.04761523,10.0936044,0.541556612,
z2      ,,948.651618,12.47407138,948.086816,10.29242456,946.775672,17.75303813,2.315275666,0.097733356,23.6897181,1.43352883,4.34406187,1179.34898,0.43641507,0.1585275,1.41415404,1.54396351,1.67017365,0.07066834,0.86645142,0.854726221,
z7      ,,508.985057,0.52958218,508.236189,6.34110215,504.868049,34.0305845,6.922565377,0.371637029,18.6272218,2.42391021,7.34571645,776.344678,0.75576986,0.0821457,0.10822249,0.6496059,1.58586085,0.05737961,1.54630247,0.392039463,
z8      ,,66.2636233,0.42369913,63.3677896,9.88427411,-44.694175,382.6688226,0.908527912,0.537487628,1.69032339,0.77992804,2.36300481,115.100262,0.24923797,0.01032082,0.6447862,0.06439628,16.09005103,0.04527296,15.73798015,0.560039767,
,,,,,,,,,,,,,,,,,,,,,,
"RBEE (N 21.96106ˇ, E 78.96413ˇ, 668m elevation)",,,,,,,,,,,,,,,,,,,,,,
z7      ,,1080.954393,2.461884671,1077.449505,8.538168329,1070.366052,24.6501231,15.90965101,1.142816981,13.92143385,0.343221298,1.040043407,892.2863556,0.10373352,0.182550405,0.247383228,1.889623292,1.285881054,0.075107778,1.226295042,0.329830541,
z8      ,,924.063848,0.281950451,928.8711756,0.427176344,940.2986111,1.584641318,55.58397847,0.131052256,424.1359925,0.29525551,0.894690677,27062.23585,0.090006744,0.154117041,0.032500674,1.496272895,0.0701873,0.070445398,0.070101493,0.004618567,
z9      ,,948.9234899,1.031634515,949.4641348,3.22175728,950.7176723,10.17426009,5.957137215,0.152976587,38.94149637,0.823524152,2.495503738,2196.650851,0.250705111,0.158576358,0.116914948,1.547416614,0.52234282,0.070804571,0.496152606,0.321734579,
z10     ,,937.3277128,1.719036151,936.1410085,9.786910388,933.3489328,31.76477597,3.297744502,0.312744657,10.54452706,0.630404328,1.910286671,636.2659904,0.19203544,0.15649417,0.197071495,1.514209581,1.600409749,0.070206983,1.547809909,0.322430083,
z11     ,,976.9109406,12.4003504,956.1692367,27.32957422,908.7477867,83.33744591,0.660084237,0.127351799,5.183155947,1.418814754,4.299470492,273.6449389,0.43126833,0.163617364,1.368052609,1.564294194,4.412171353,0.06937157,4.04611359,0.411420944,
z12     ,,1619.746598,15.68817274,1626.616284,10.69317934,1635.513365,8.885500161,19.2145025,0.165932108,115.7973748,0.856966413,2.596855868,6348.598479,0.251392705,0.285637077,1.095376822,3.962814637,1.318867712,0.100665733,0.477275149,0.93808543,
z13     ,,1726.3029,4.135778328,1725.09681,4.173515302,1723.633827,7.414703596,9.941940774,0.374942208,26.51592852,0.480176993,1.455067653,1592.979399,0.140023783,0.30706487,0.273091112,4.468266156,0.503017055,0.105584795,0.402393844,0.59924824,
z14     ,,824.7928177,50.48253914,859.4364962,38.33038377,949.8910326,21.72190559,150.0381123,9.566563959,15.68359475,0.626671533,3.5,936.8588148,0.192078016,0.136477727,6.521204987,1.331276644,6.610567691,0.070778118,1.060906282,0.98702606,
,,,,,,,,,,,,,,,,,,,,,,
"RBFO (N 23.00271ˇ, E 81.60482ˇ, 824m elevation)",,,,,,,,,,,,,,,,,,,,,,
z1      ,,2983.58228,4.6757518,3113.4241,2.37298097,3198.25738,2.2450053,22.34253537,0.638801911,34.9756865,0.30960275,0.93818454,1954.31997,0.08402403,0.58854907,0.19577196,20.4613948,0.24512469,0.25225897,0.13814308,0.815435566,
z2      ,,2476.38546,1.01179275,2482.39652,0.64662703,2487.31994,0.82369153,96.40649651,0.354573064,271.894586,0.64466208,1.95351238,14982.957,0.18016262,0.46835331,0.04920411,10.5281078,0.06973192,0.16310632,0.03635781,0.713410005,
z3      ,,910.819069,0.34346047,918.767394,0.51637688,937.904069,1.43926649,87.96789446,0.297114016,296.074536,0.15668962,0.47480264,19617.1887,0.0478004,0.15174821,0.0396904,1.47155639,0.08541428,0.07036349,0.06165326,0.5904891,
z4      ,,525.860501,0.23541731,528.672345,1.3746448,540.830349,7.05873844,192.7645758,3.120473217,61.7741485,0.75156047,2.27740514,3551.85122,0.23412106,0.08498229,0.046538,0.68314313,0.3335569,0.05832803,0.32110904,0.297906092,
z4a     ,,65.3051395,0.16814745,57.644861,3.65257444,-250.16544,161.5384852,1.158050248,0.24795759,4.67035613,1.00037721,3.03122415,272.067996,0.31970732,0.01017061,0.25888872,0.05841398,6.517903737,0.04167371,6.382480378,0.53721015,
z5      ,,899.918393,0.5605467,907.309816,2.14141135,925.344192,7.05643252,12.35074067,0.230894559,53.4908259,0.6986563,2.11711055,3100.44143,0.21326199,0.14980226,0.06672061,1.44382411,0.35696517,0.06993426,0.34193029,0.29166885,
z5a     ,,758.667358,0.81544597,754.414189,4.00138698,741.825287,15.55911935,8.730046073,0.274804717,31.7681813,1.17402932,3.55766713,1665.23706,0.36113691,0.12488206,0.11393618,1.10220084,0.7516127,0.06404027,0.73492484,0.214520661,
z6      ,,1000.58583,0.51032642,1065.43398,1.1776396,1200.72657,3.13224729,31.63645034,0.300327861,105.339712,0.54490071,1.65118676,6272.57144,0.16541554,0.16789873,0.05503161,1.85563049,0.17848141,0.08019331,0.15549731,0.490654896,
z7      ,,525.860823,0.23542455,528.672608,1.37464613,540.830349,7.05873844,180.9776973,2.929667211,61.7741485,0.75156048,2.27740518,3551.85122,0.23412106,0.08498234,0.04653941,0.68314357,0.33355709,0.05832803,0.32110904,0.297905345,
z8      ,,899.929034,0.56491902,907.317416,2.14200774,925.344193,7.05643252,11.79307111,0.220469041,53.4908259,0.6986567,2.11711178,3100.44143,0.21326199,0.14980416,0.06724063,1.44384241,0.35706274,0.06993426,0.34193029,0.292235596,
z9      ,,1199.71325,0.48783966,1229.55301,1.34092761,1282.2659,3.46420714,20.97869219,0.274273841,76.4881263,0.34159672,1.0351229,4789.21758,0.10257029,0.20453802,0.04448992,2.35658901,0.18810041,0.08359953,0.17476145,0.343751389,
z10     ,,877.467809,14.65594635,840.044991,187.3371026,742.367472,673.9235219,21.20670415,39.24169184,0.54041259,0.58574783,1.77496142,50.727522,0.1790164,0.14580483,1.78713531,1.28717701,32.78350559,0.06405609,31.86569903,0.533621669,
z11     ,,791.287712,0.3386468,797.6213,0.50288837,815.357576,1.69189964,97.82632237,0.357654003,273.522235,0.62511346,1.89424757,16092.0023,0.19194682,0.13058871,0.04542534,1.19358532,0.09102124,0.06631936,0.07416035,0.459687186,
z12     ,,948.321173,0.40893337,947.411414,1.53495973,945.298088,4.91160705,15.99282375,0.240384729,66.5301155,0.37672967,1.14157926,4170.94614,0.11469143,0.15846811,0.04627375,1.5422719,0.24918857,0.07061737,0.23760866,0.291871302,
z13     ,,869.847346,0.35225043,875.255795,0.79914174,888.962602,2.69223809,41.68859708,0.288331697,144.58555,0.39693516,1.20280465,9006.15424,0.12136187,0.14445114,0.04317367,1.36788149,0.13624024,0.06871001,0.12618629,0.293703896,
z15     ,,2712.23167,1.29732806,2731.51258,0.73562845,2745.79942,0.80546995,104.2039189,0.254778377,408.998284,0.41034052,1.24344865,23220.9367,0.11313068,0.52306918,0.05859358,13.7335936,0.07772363,0.1905099,0.03677247,0.776738167,
z16     ,,100.197728,0.1551833,99.7936075,0.28191386,90.1503305,7.666617,19.56814571,0.268378244,72.9125633,0.07802988,0.23637601,5050.72772,0.0248815,0.01565326,0.04016153,0.10327357,0.29660641,0.04787147,0.28403228,0.33019666,
z18     ,,969.597994,1.03698377,969.678593,2.72163679,969.861256,8.18404078,10.90635212,0.207858544,52.470069,1.39275672,4.22050333,2610.50094,0.42351709,0.16229807,0.11520061,1.5986393,0.43570824,0.07147096,0.39982238,0.420446424,
z19     ,,1598.05784,1.1996156,1596.42261,2.13551803,1594.26457,4.47115066,11.63599608,0.227865405,51.0652157,0.52345692,1.58621723,3034.42607,0.15374309,0.28131882,0.08475119,3.81741175,0.2654105,0.09846065,0.23723727,0.45116125,
,,,,,,,,,,,,,,,,,,,,,,
"RBFP (N 22.85482ˇ, E 81.65653ˇ, 885m elevation)",,,,,,,,,,,,,,,,,,,,,,
z1      ,,739.802133,0.33357169,1072.14636,1.79410008,1828.89334,4.67835371,18.6594791,0.49491506,37.702387,0.30970565,0.93847162,2329.01725,0.09536468,0.12159491,0.04748664,1.87457069,0.27094923,0.11186146,0.25591614,0.353992281,
z2      ,,527.810726,0.29713884,525.762348,1.83090187,516.877417,9.54327842,41.75861819,0.772136495,54.0819123,1.19651432,3.62580927,2811.5,0.37269076,0.08531058,0.05861344,0.6783263,0.44614178,0.05769389,0.43338511,0.25983344,
z3      ,,1103.49111,0.38882138,1104.37385,0.96512246,1106.11304,2.54902105,86.69212919,0.673470276,128.724507,0.40331472,1.22214335,7965.69918,0.12174507,0.18669189,0.03826227,1.96727073,0.1433658,0.07645973,0.12325736,0.52495116,
z4      ,,774.173912,0.19981756,806.789614,0.35040956,897.902227,1.19538483,74.54486385,0.172197428,432.903468,0.35681658,1.08123097,27190.7147,0.1096659,0.1275912,0.02709352,1.2134818,0.06294898,0.06900914,0.04769265,0.397507872,
z5      ,,853.581368,0.3063369,876.102401,0.54970653,933.452539,1.86758171,39.48465369,0.165699801,238.29029,0.06756237,0.20472717,16190.2075,0.02067535,0.141567,0.03312445,1.36985661,0.09365866,0.07021132,0.08274394,0.315317676,
z6      ,,955.000991,0.32686015,953.823787,1.50769014,951.109173,4.80859811,39.9845899,0.593331716,67.3899419,0.45093269,1.36643499,4144.77819,0.13723163,0.15966916,0.03673953,1.55837773,0.24376655,0.07081834,0.23271061,0.309939721,
z7      ,,985.931618,0.62221088,1006.57041,2.98679901,1051.77759,9.1444967,15.24414157,0.46224275,32.9786493,0.21478516,0.65084711,2160.0703,0.06525469,0.16524681,0.06787269,1.69479158,0.46771896,0.07441788,0.45259482,0.274993362,
z8      ,,1204.37244,0.32714616,1207.42733,0.38684429,1212.89497,0.97690721,113.5039256,0.120265548,943.777558,0.55196669,1.67260403,56015.3803,0.16569494,0.20540893,0.02973672,2.28423848,0.05477716,0.08068934,0.03736454,0.436665672,
z9      ,,952.697508,0.71149781,952.263972,2.07899828,951.262255,6.51480465,9.396138928,0.173500495,54.1562657,0.44807228,1.35776707,3336.84612,0.13637831,0.15925485,0.080303,1.5544506,0.3364688,0.07082365,0.31670743,0.338461534,
z11     ,,883.778869,0.26095008,894.155699,0.95082467,919.900206,3.08106939,27.74181345,0.256423507,108.187482,0.36223552,1.09765605,6799.11538,0.11066838,0.14692714,0.03141097,1.41236897,0.15994332,0.0697491,0.14627255,0.410590492,
z12     ,,954.341269,0.40732082,954.189765,0.50122892,953.840431,1.0821665,243.2392646,0.243876716,997.386176,0.45475347,1.37801301,61023,0.13839939,0.15955048,0.04585213,1.55930002,0.08102102,0.0709127,0.04178271,0.79055049,
z13     ,,950.447537,0.54092878,948.658746,1.15050756,944.510471,3.01178006,68.65664282,0.312831501,219.468444,1.11309071,3.37299806,11522.7534,0.3388295,0.1588503,0.06120946,1.54539684,0.18662725,0.07059021,0.14343294,0.742166515,
z14     ,,762.008376,0.29466108,782.386783,1.37612964,840.953641,4.98279889,50.94337428,0.65897963,77.3064476,0.92222101,2.79458503,4248.07055,0.28362795,0.12546522,0.04097413,1.16091906,0.25227023,0.06713841,0.23715836,0.388320956,
z15     ,,1692.53934,1.02382663,1714.32117,1.20235852,1741.03293,2.10766288,32.5207685,0.223477296,145.521577,0.57337747,1.73749257,8464.21885,0.16751827,0.30023686,0.06877379,4.41054162,0.14526229,0.10659097,0.11035132,0.630930589,
z16     ,,902.021557,0.43923857,905.178752,0.6419848,912.890839,1.74496786,106.8949401,0.452924626,236.01044,0.52146623,1.58016997,14224.6329,0.15915716,0.15017746,0.052133,1.43870045,0.10717239,0.06951173,0.07832158,0.628420059,
z17     ,,957.397485,0.53554624,957.001939,1.59128962,956.092852,4.91005046,14.47175488,0.178753727,80.9591782,1.14854265,3.48043162,4229.05764,0.34948834,0.16010036,0.06019092,1.566398,0.25676818,0.07099084,0.23795814,0.384387729,
z18     ,,860.872896,0.50703158,861.474943,1.17624772,863.024381,3.91921861,20.14891125,0.1874093,107.512867,0.5171654,1.56713555,6503.91852,0.15819938,0.14285897,0.06287425,1.33596153,0.2025539,0.06785454,0.18611814,0.364888995,
,,,,,,,,,,,,,,,,,,,,,,
"RBFQ (N 22.79423518ˇ, E 81.79046708ˇ, 818m elevation)",,,,,,,,,,,,,,,,,,,,,,
z1      ,,840.707633,60.77696175,950.173129,256.1805946,1213.14182,675.0052251,4.682743739,2.500010809,1.8730894,0.6864055,2.07998429,125.852156,0.21020045,0.1392895,7.712663816,1.54919598,41.51577815,0.08070158,34.30414903,0.94671227,
z3      ,,986.729831,0.34849927,986.252754,0.5988319,985.191247,1.62812765,44.2797533,0.15647847,282.97665,0.56656796,1.71684458,16838.3665,0.17212362,0.1653911,0.03804316,1.64140514,0.09490613,0.07201081,0.07299378,0.56227575,
z4      ,,1412.3187,0.44857164,1420.68036,0.77993152,1433.23556,1.96278308,30.81590532,0.202645667,152.067921,0.35516941,1.07625515,9426.36725,0.10539944,0.24492693,0.03530497,3.05178308,0.10198096,0.0904089,0.09753795,0.148144288,
z5      ,,1723.19217,1.91566441,1720.54603,2.21278928,1717.32785,4.02842861,14.02313295,0.203093899,69.0475342,0.47776431,1.44775649,4121.77067,0.13934451,0.30643429,0.1266889,4.44381314,0.26696699,0.10522344,0.21670576,0.58089725,
z6      ,,972.113859,0.3246074,972.064804,0.83744844,971.953925,2.55247838,45.7190515,0.322552389,141.741476,0.73372876,2.22339404,8112.34867,0.22308555,0.16275177,0.03594288,1.60475344,0.13387099,0.07154456,0.12080172,0.369321922,
z7      ,,2460.70371,1.89805833,2465.6562,1.55441945,2469.74151,2.27847866,87.16940782,1.325957745,65.7407132,0.59681232,1.80851291,3677.69814,0.16694018,0.46478566,0.09279102,10.3396055,0.16789288,0.16141552,0.13093571,0.596570787,
z9      ,x,66.8362857,0.07242717,66.146716,1.27751082,41.2730122,46.36569396,1.484740746,0.10673763,13.9101904,0.86929818,2.63388885,794.645376,0.27778652,0.01041058,0.10730449,0.06731334,1.99491997,0.04691592,1.93790861,0.548116829,
z10     ,,711.601389,1.69519119,697.696307,19.22354256,653.154847,79.37730797,10.45743152,2.288460329,4.56963636,0.27873664,0.84462697,313.282146,0.08596033,0.11669901,0.25170171,0.98799423,3.809467066,0.06143011,3.698498909,0.466930872,
z11     ,,520.755696,0.12719769,520.909018,0.29276115,521.58136,1.65056845,58.05273071,0.140101306,414.362525,1.15760601,3.50789752,21597.4021,0.36070925,0.08412344,0.02535811,0.67032338,0.07184553,0.05781778,0.06774992,0.040788986,
z12     ,,1185.0259,0.47916979,1227.8398,0.77818815,1303.83543,2.20973706,23.23127715,0.121264962,191.574522,0.40423307,1.22492797,11769.1144,0.12147619,0.20179673,0.04420927,2.35093037,0.10923966,0.08453172,0.10895714,0.09835228,
z14     ,,3264.60632,3.46507299,3297.32938,1.74848704,3317.284,1.74972429,16.51885991,0.262130089,63.0177937,0.05722577,0.17341023,3640.28465,0.0152774,0.65933219,0.13519869,24.7227249,0.17916499,0.27207342,0.10666879,0.783028754,
z15     ,,2479.16167,2.76420429,2481.56013,1.61794744,2483.52444,1.73101608,10.589049,0.094966523,111.502967,0.70850184,2.14696655,6076.13343,0.19797228,0.46898581,0.13431071,10.5186158,0.17449227,0.16273949,0.09733251,0.80958508,
z16     ,,970.587308,0.28776901,970.56776,0.5514388,970.523501,1.66488021,47.69383236,0.194422855,245.309804,0.34754859,1.05315348,15435.9604,0.10567876,0.16247646,0.03177266,1.60091592,0.08823181,0.07149416,0.07484763,0.382563713,
z17     ,,532.484335,0.20843633,531.755523,0.92127699,528.629413,4.859251012,17.17619899,0.159359421,107.782765,0.87386071,2.64802212,6007.45097,0.27212165,0.08609772,0.04071513,0.68826171,0.22255967,0.05800353,0.21935485,0.111830645,
z18     ,,2430.99914,0.79630997,2453.79615,0.53458033,2472.74137,0.70351016,119.256576,0.277806981,429.278543,0.5068408,1.53587193,24367.381,0.1420149,0.45805152,0.03931323,10.2079252,0.05780572,0.16170209,0.02625472,0.693161604,
z20     ,x,66.3281672,0.23562508,67.3633072,5.31866633,104.28282,188.5578595,1.415975711,0.470641203,3.00860974,0.74167084,2.24705452,191.634914,0.23701123,0.01033094,0.35756921,0.06859292,8.160294787,0.04817613,7.975881262,0.53164422,
z21     ,,794.093948,1.00975313,797.06853,3.6621972,805.394283,13.10907706,6.23753825,0.205781533,30.3114578,0.43811679,1.32759296,1886.22611,0.13450723,0.13108099,0.13513024,1.19239147,0.66314891,0.06600421,0.62531931,0.368006223,
z22     ,,2797.54299,1.79837873,2802.58339,1.16283392,2806.21256,1.11640547,45.27266989,0.17265474,262.215042,0.71218954,2.15814275,13932.3495,0.19538359,0.54335947,0.07923966,14.8018063,0.12225871,0.19766053,0.06012194,0.854905749,
z23     ,,865.858169,0.36001695,879.840688,0.57569452,915.181027,1.73953024,61.04157012,0.16232245,376.051311,0.37261097,1.12909577,23524.494,0.11394962,0.14374314,0.04430485,1.37859767,0.09782405,0.06958937,0.07802855,0.507229912,
z25     ,,2486.68596,0.79102413,2488.44584,0.59789445,2489.88279,0.75873963,72.88862056,0.130107902,560.216709,0.50998623,1.54540379,31743.4593,0.14244079,0.47070144,0.03833263,10.5969936,0.06444027,0.16335395,0.03130126,0.72766585,
z27     ,,534.603436,0.33947233,534.785475,1.51559102,535.562034,7.59610158,8.794557822,0.133920068,65.6702012,0.85202997,2.58186647,3685.95718,0.2652931,0.08645481,0.066132,0.69330709,0.36455428,0.0581874,0.3455192,0.349303021,
z28     ,,600.306616,0.33266077,614.849686,0.78679938,668.778936,3.38093314,34.71258862,0.183780779,188.880409,0.41674027,1.26280456,11748.2394,0.12929792,0.09758492,0.05786751,0.83223167,0.17059655,0.06188053,0.15453415,0.381066149,
z29     ,,895.493901,0.28933185,899.364691,0.45258386,908.88774,1.21690765,88.70526953,0.118450306,748.881725,0.29521109,0.89455524,47807.4947,0.09013375,0.14901336,0.03435549,1.42477641,0.07585673,0.06937676,0.04925606,0.664044041,
z31     ,,969.262711,0.4553293,969.209556,1.71688506,969.089032,5.31403096,42.16546718,0.674724489,62.4928661,0.46319329,1.40358851,3831.43064,0.14085294,0.16223762,0.05054308,1.59743919,0.27493648,0.07144392,0.25839523,0.371661443,
,,,,,,,,,,,,,,,,,,,,,,
"RBFR (N 22.92866642ˇ, E 81.09966481ˇ, 682m elevation)",,,,,,,,,,,,,,,,,,,,,,
z1      ,x,65.8300057,0.16116088,64.7432246,3.51999446,24.7538688,131.6126624,0.904390806,0.188073747,4.80870307,0.93262941,2.8258546,282.855171,0.29804507,0.01025287,0.24604038,0.06583909,5.612029014,0.04659411,5.484817849,0.532715303,
z3      ,,65.5305273,0.7727236,59.4610626,18.72224299,-178.65187,793.1988033,0.357384274,0.434237919,0.82301489,0.62225645,1.88515178,67.5879729,0.19886177,0.01020593,1.19030273,0.06030884,32.41748731,0.04287664,31.78391496,0.545422257,
z4      ,,1546.23273,0.97361831,1558.20228,1.38336725,1574.46411,2.82178822,14.78200305,0.169308895,87.307894,0.34517974,1.04598525,5405.14876,0.10167516,0.27105903,0.07079655,3.63944855,0.17367542,0.0974236,0.14719181,0.506790721,
z5      ,,66.3074037,0.93290195,64.8060558,22.84197703,9.70983424,857.4666928,0.264394298,0.388489776,0.68056952,0.641152,1.94241952,58.7975873,0.20488933,0.01032769,1.42023974,0.06590504,36.38343075,0.04630289,35.63111563,0.543740974,
z6      ,,65.1602956,4.59704755,33.0429533,117.1776559,-1965.5896,13256.71974,0.845358603,6.129217202,0.13792277,0.83070696,2.51690649,26.4875017,0.26548565,0.01014792,7.116670488,0.03307765,360.4236399,0.02365104,356.6247972,0.540854301,
z7      ,,67.518771,0.33806987,71.1143951,6.92887685,193.766069,229.4181056,0.345449995,0.146674778,2.35521062,0.58824753,1.78210593,159.255499,0.18796715,0.01051756,0.50424622,0.07254788,10.08846073,0.05004978,9.865325099,0.462507806,
z8      ,x,65.8882385,0.31477419,65.1725906,6.60146503,38.9734737,244.109224,0.377270978,0.147738891,2.55363348,0.70169176,2.12588648,167.102915,0.22424223,0.01026199,0.48137385,0.06628988,10.45775444,0.04687141,10.19993549,0.551898953,
z9      ,,2504.69855,1.41950201,2504.92482,0.97091079,2505.10824,1.22904095,38.27340556,0.258340835,148.150816,1.57341241,4.76793428,6839.05638,0.43900505,0.47481665,0.06839613,10.7867404,0.10448475,0.16483779,0.06549128,0.717759575,
z10     ,,737.642597,1.87056819,731.879357,7.60454245,714.272695,29.72275379,17.75081489,1.476413269,12.022931,0.08097038,0.24535469,836.564909,0.02493536,0.12121924,0.26780206,1.0560597,1.45811047,0.06321344,1.39827091,0.309352853,
z12     ,,2413.36977,3.0094482,2441.53149,1.91554457,2465.0773,2.33051035,13.05720933,0.162423005,80.3901476,0.87350388,2.64697445,4244.22923,0.24499973,0.45406952,0.14949752,10.0733608,0.20738026,0.16096984,0.13411494,0.74706078,
z13     ,,951.354923,0.60586233,951.549006,2.12084385,951.997897,6.54111653,11.0420036,0.195446362,56.4963374,0.83241826,2.52245605,3171.99117,0.25337905,0.15901343,0.06849209,1.55265256,0.34339677,0.07084887,0.31807774,0.433499793,
,,,,,,,,,,,,,,,,,,,,,,
"RBFS (N 22.91530006ˇ, E 80.91351623ˇ, 654m elevation)",,,,,,,,,,,,,,,,,,,,,,
z1      ,x,65.4299421,0.471916213,60.748118,11.59376362,-120.1085541,475.6766961,1.129805978,0.826505105,1.366967936,0.770225661,2.333592846,96.907459,0.246151765,0.010190171,0.727326634,0.061653697,19.66157404,0.043900566,19.28047355,0.537355759,
z2      ,,66.42257877,1.224816223,61.95498972,28.85656225,-107.449783,1156.833291,1.85377098,2.979810915,0.622110272,1.066197563,3.230768158,51.76925847,0.340716042,0.010345736,1.858759689,0.062916316,48.01207447,0.04412598,47.0070964,0.554364067,
z3      ,,1116.026444,0.556223723,1290.465988,0.602389493,1593.803434,1.237289275,82.90565162,0.135037361,613.9460283,0.559807076,1.696360713,35841.88702,0.168867675,0.189001727,0.05425396,2.564113761,0.082463497,0.098438276,0.057789465,0.598666984,
z5      ,,2010.266008,0.990031777,2036.722805,0.811554145,2063.628858,1.172785411,69.07225734,0.116721726,591.7686434,0.237445323,0.719523413,36637.84652,0.068143368,0.365928227,0.057289052,6.432531056,0.092351176,0.127549412,0.058061694,0.698616311,
z6      ,x,66.0968622,0.28401893,64.19485844,6.869287582,-6.153781985,261.0643207,2.225861019,0.882907924,2.521056793,1.104573055,3.347112117,151.7102814,0.352987398,0.010294687,0.432814138,0.065263628,11.04250681,0.045999227,10.81647767,0.536374712,
z7      ,x,65.89373662,0.123122586,65.61253923,1.657857832,55.36919631,60.46214046,1.667507975,0.137089242,12.16366762,0.919900759,2.787270581,688.8112168,0.293975996,0.010262854,0.187151023,0.066751991,2.609255541,0.047194193,2.534032705,0.430933404,
z8      ,x,66.06177816,0.442129314,62.24957714,10.63133841,-82.00808155,422.3868668,1.380495652,0.88609545,1.557953663,0.893384975,2.706895765,105.1443721,0.285498901,0.010289189,0.674646387,0.063224738,17.60743377,0.044585984,17.24759892,0.547031904,
z9      ,x,66.04300121,0.215353644,67.59169576,4.808323241,122.7560722,169.2910221,0.604558168,0.177256933,3.41063201,0.766122834,2.321161795,213.5065728,0.24483007,0.010286247,0.328087417,0.068833302,7.353178663,0.04855502,7.185519628,0.527285724,
z11     ,x,65.65572289,0.233641342,63.59640881,5.325453916,-13.23693032,204.2986681,0.672017746,0.212256397,3.16606592,0.926110666,2.806093476,192.9459074,0.295965444,0.010225553,0.358257853,0.064635964,8.638803992,0.045864842,8.452899885,0.533894261,
z12     ,,66.02588194,0.630880105,66.12965789,14.58779224,69.88617984,530.1921582,0.334943816,0.270721618,1.237225966,1.245907643,3.775638461,81.79175254,0.398155549,0.010283563,0.962690674,0.067295409,22.78551569,0.047482581,22.28503529,0.535268332,
z13     ,,66.09706545,0.567915484,64.82019527,12.35763479,17.92893029,462.3069445,0.339460055,0.251262253,1.351018912,0.843964393,2.557095831,94.44673551,0.269704905,0.01029472,0.866139549,0.065919886,19.67947737,0.046461625,19.24143959,0.522082758,
,,,,,,,,,,,,,,,,,,,,,,
"RBFT (N 22.9142698ˇ, E 80.91491143ˇ, 655m elevation)",,,,,,,,,,,,,,,,,,,,,,
z1      ,x,65.70040834,0.320030864,63.58420484,7.78958291,-15.36831965,299.3493542,1.73727603,0.783958532,2.216030517,1.113383691,3.373823889,135.3796467,0.35581286,0.010232556,0.490703825,0.064623168,12.63839599,0.045824382,12.38099822,0.538535347,
z4      ,x,66.1568876,0.100192994,65.61531619,2.12900011,45.90920539,78.37761069,1.786976714,0.235966374,7.573014259,0.65102948,1.972352122,464.7188074,0.208047999,0.010304096,0.150277763,0.066754908,3.350635765,0.047007352,3.278985618,0.4930723,
z5      ,,1627.381308,0.672287392,1628.336426,0.641875209,1629.57063,1.320670871,64.38720989,0.153280457,420.0614426,0.720746776,2.184066459,23693.29304,0.21134229,0.287160617,0.046737903,3.97122918,0.079133345,0.100344265,0.063245798,0.459537928,
z6      ,,1729.575242,5.195496995,1718.599412,6.526549338,1705.254003,12.46630343,2.219595728,0.135630172,16.36505876,0.47551775,1.440948808,992.1793792,0.138639685,0.30772854,0.342502043,4.433386643,0.787750553,0.104534661,0.676385661,0.517619291,
z7      ,,2485.54527,1.746594191,2486.941024,1.065778187,2488.081345,1.245485036,22.86107702,0.142413178,160.5264156,1.103702096,3.344550253,8078.330906,0.308287705,0.470441216,0.084686969,10.5798193,0.114884238,0.163179413,0.066439506,0.766188678,
z8      ,,1664.497281,0.979043834,2638.798885,0.778061447,3503.116968,0.725963887,42.49296132,0.102112549,416.1384851,0.296064056,0.897152201,22105.32167,0.086634037,0.294593034,0.066708888,12.44787475,0.082783242,0.306595106,0.03398943,0.823974668,
z9      ,,1571.758684,3.722164067,1572.640047,5.720683643,1573.822932,12.2930954,3.346091244,0.172747522,19.36983639,0.628190315,1.903590826,1135.588768,0.184774896,0.276102084,0.266867561,3.70588828,0.715430269,0.097390169,0.655762962,0.398026289,
z11     ,,2520.760882,3.07430067,2522.723453,1.757237944,2524.302698,1.876672258,15.39118334,0.186148987,82.68206888,0.56918133,1.724782926,4631.104916,0.158663494,0.478496017,0.147356603,10.99517148,0.188801359,0.166730926,0.106965916,0.806418702,
z12     ,,1307.639333,1.925362105,1417.58432,2.367656651,1586.865749,4.700296597,14.36993064,0.286814589,50.10181204,0.293925925,0.890669218,3144.633652,0.087732088,0.224874389,0.162663946,3.039447467,0.309896117,0.098072473,0.249354287,0.587895317,
z13     ,x,65.99018806,0.05702967,66.08747299,0.931412783,69.61120096,33.84759185,3.309423439,0.187061084,17.69167253,0.758827118,2.299049395,1032.396253,0.24249947,0.01027797,0.083799115,0.067251068,1.455726182,0.047477115,1.421945728,0.422925266,
,,,,,,,,,,,,,,,,,,,,,,
 a  Corrected for initial Th/U disequilibrium using radiogenic 208Pb and Th/U[magma] specified.,,,,,,,,,,,,,,,,,,,,,,
 b  Isotopic dates calculated using lambda238 = 1.55125E-10 (Jaffey et al. 1971) and lambda235 = 9.8485E-10 (Jaffey et al. 1971).,,,,,,,,,,,,,,,,,,,,,,
 c  Total mass of radiogenic Pb.,,,,,,,,,,,,,,,,,,,,,,
 d  Total mass of common Pb.,,,,,,,,,,,,,,,,,,,,,,
 e  Ratio of radiogenic Pb (including 208Pb) to common Pb.,,,,,,,,,,,,,,,,,,,,,,
 f  Th contents calculated from radiogenic 208Pb and 230Th-corrected 206Pb/238U date of the sample and  assuming concordance between U-Pb Th-Pb systems.,,,,,,,,,,,,,,,,,,,,,,
 g  Th/U ratio of magma from which mineral crystallized.,,,,,,,,,,,,,,,,,,,,,,
 h  Measured ratio corrected for fractionation and spike contribution only.,,,,,,,,,,,,,,,,,,,,,,
 i  Measured ratios corrected for fractionation and  tracer and blank.,,,,,,,,,,,,,,,,,,,,,,